check,status,detail,source,observed_at
dns,pass,Public DNS resolved,,2026-10-02T06:48:37.917891+05:30
domain_registration,error,Domain is absent from RDAP,,2026-10-02T06:48:37.917909+05:30
tls,pass,TLS certificate valid,,2026-10-02T06:48:38.180120+05:30
http,pass,Probe 1: HTTP 200 at https://www.compensation.gov.lk/,https://www.compensation.gov.lk/,2026-10-02T06:49:37.618626+05:30
http,pass,Probe 2: HTTP 200 at http://www.compensation.gov.lk/,http://www.compensation.gov.lk/,2026-10-02T06:49:37.618642+05:30
http,pass,Probe 3: HTTP 200 at https://www.compensation.gov.lk/,https://www.compensation.gov.lk/,2026-10-02T06:49:37.618646+05:30
http,pass,Probe 4: HTTP 200 at http://www.compensation.gov.lk/,http://www.compensation.gov.lk/,2026-10-02T06:49:37.618649+05:30
http,pass,Probe 5: HTTP 200 at https://www.compensation.gov.lk/images/2019/application_form_for_kks_si.doc,https://www.compensation.gov.lk/images/2019/application_form_for_kks_si.doc,2026-10-02T06:49:37.618653+05:30
http,pass,Probe 6: HTTP 200 at https://www.compensation.gov.lk/images/2019/application_form_for_kks_ta.pdf,https://www.compensation.gov.lk/images/2019/application_form_for_kks_ta.pdf,2026-10-02T06:49:37.618655+05:30
http,pass,Probe 7: HTTP 200 at https://www.compensation.gov.lk/images/2019/application_form_for_kks_en.doc,https://www.compensation.gov.lk/images/2019/application_form_for_kks_en.doc,2026-10-02T06:49:37.618658+05:30
http,pass,Probe 8: HTTP 200 at https://www.compensation.gov.lk/images/2019/notice_for_kks_si.pdf,https://www.compensation.gov.lk/images/2019/notice_for_kks_si.pdf,2026-10-02T06:49:37.618661+05:30
http,pass,Probe 9: HTTP 200 at https://www.compensation.gov.lk/images/2019/notice_for_kks_ta.pdf,https://www.compensation.gov.lk/images/2019/notice_for_kks_ta.pdf,2026-10-02T06:49:37.618664+05:30
http,pass,Probe 10: HTTP 200 at https://www.compensation.gov.lk/images/2019/notice_for_kks_en.pdf,https://www.compensation.gov.lk/images/2019/notice_for_kks_en.pdf,2026-10-02T06:49:37.618667+05:30
http,pass,Probe 11: HTTP 200 at http://www.compensation.gov.lk/images/2019/application_form_for_kks_si.doc,http://www.compensation.gov.lk/images/2019/application_form_for_kks_si.doc,2026-10-02T06:49:37.618670+05:30
http,pass,Probe 12: HTTP 200 at http://www.compensation.gov.lk/images/2019/application_form_for_kks_ta.pdf,http://www.compensation.gov.lk/images/2019/application_form_for_kks_ta.pdf,2026-10-02T06:49:37.618673+05:30
http,pass,Probe 13: HTTP 200 at http://www.compensation.gov.lk/images/2019/application_form_for_kks_en.doc,http://www.compensation.gov.lk/images/2019/application_form_for_kks_en.doc,2026-10-02T06:49:37.618676+05:30
http,pass,Probe 14: HTTP 200 at http://www.compensation.gov.lk/images/2019/notice_for_kks_si.pdf,http://www.compensation.gov.lk/images/2019/notice_for_kks_si.pdf,2026-10-02T06:49:37.618678+05:30
named_responsibility,pass,Published named responsibility: department,https://www.compensation.gov.lk/,
named_responsibility,pass,Published named responsibility: department,http://www.compensation.gov.lk/,
named_responsibility,pass,Published named responsibility: department,https://www.compensation.gov.lk/,
named_responsibility,pass,Published named responsibility: department,http://www.compensation.gov.lk/,
phone,pass,Published phone: 0000000382 ,https://www.compensation.gov.lk/images/2019/application_form_for_kks_ta.pdf,
phone,pass,Published phone: 0000000352 ,https://www.compensation.gov.lk/images/2019/application_form_for_kks_ta.pdf,
phone,pass,Published phone: 0000000104 ,https://www.compensation.gov.lk/images/2019/application_form_for_kks_ta.pdf,
phone,pass,Published phone: 0000000552 ,https://www.compensation.gov.lk/images/2019/application_form_for_kks_ta.pdf,
phone,pass,Published phone: 0000000416 ,https://www.compensation.gov.lk/images/2019/application_form_for_kks_ta.pdf,
phone,pass,Published phone: 0000000170 ,https://www.compensation.gov.lk/images/2019/application_form_for_kks_ta.pdf,
phone,pass,Published phone: 0000000457 ,https://www.compensation.gov.lk/images/2019/application_form_for_kks_ta.pdf,
phone,pass,Published phone: 0000000153 ,https://www.compensation.gov.lk/images/2019/application_form_for_kks_ta.pdf,
phone,pass,Published phone: 0000008281 ,https://www.compensation.gov.lk/images/2019/application_form_for_kks_ta.pdf,
phone,pass,Published phone: 0000330306 ,https://www.compensation.gov.lk/images/2019/application_form_for_kks_ta.pdf,
phone,pass,Published phone: 0000342737 ,https://www.compensation.gov.lk/images/2019/application_form_for_kks_ta.pdf,
phone,pass,Published phone: 0000000469 ,https://www.compensation.gov.lk/images/2019/application_form_for_kks_ta.pdf,
phone,pass,Published phone: 0000000492 ,https://www.compensation.gov.lk/images/2019/application_form_for_kks_ta.pdf,
phone,pass,Published phone: 0 0 0 252 0 507 ,https://www.compensation.gov.lk/images/2019/application_form_for_kks_ta.pdf,
phone,pass,Published phone: 0000000079 ,https://www.compensation.gov.lk/images/2019/application_form_for_kks_ta.pdf,
phone,pass,Published phone: 00 755 421 57,https://www.compensation.gov.lk/images/2019/application_form_for_kks_ta.pdf,
phone,pass,Published phone: 0000007177 ,https://www.compensation.gov.lk/images/2019/application_form_for_kks_ta.pdf,
phone,pass,Published phone: 0000000242 ,https://www.compensation.gov.lk/images/2019/application_form_for_kks_ta.pdf,
phone,pass,Published phone: 0000000155 ,https://www.compensation.gov.lk/images/2019/application_form_for_kks_ta.pdf,
phone,pass,Published phone: 0000000458 ,https://www.compensation.gov.lk/images/2019/application_form_for_kks_ta.pdf,
phone,pass,Published phone: 0000000409 ,https://www.compensation.gov.lk/images/2019/application_form_for_kks_ta.pdf,
phone,pass,Published phone: 0000000438 ,https://www.compensation.gov.lk/images/2019/application_form_for_kks_ta.pdf,
phone,pass,Published phone: 0000000166 ,https://www.compensation.gov.lk/images/2019/application_form_for_kks_ta.pdf,
phone,pass,Published phone: 0000000378 ,https://www.compensation.gov.lk/images/2019/application_form_for_kks_ta.pdf,
phone,pass,Published phone: 0000000144 ,https://www.compensation.gov.lk/images/2019/application_form_for_kks_ta.pdf,
phone,pass,Published phone: 0 0 0 278 0 556 ,https://www.compensation.gov.lk/images/2019/application_form_for_kks_ta.pdf,
phone,pass,Published phone: 0000000460 ,https://www.compensation.gov.lk/images/2019/application_form_for_kks_ta.pdf,
phone,pass,Published phone: 0000000435 ,https://www.compensation.gov.lk/images/2019/application_form_for_kks_ta.pdf,
phone,pass,Published phone: 0000000330 ,https://www.compensation.gov.lk/images/2019/application_form_for_kks_ta.pdf,
phone,pass,Published phone: 0000000090 ,https://www.compensation.gov.lk/images/2019/application_form_for_kks_ta.pdf,
phone,pass,Published phone: 0000000203 ,https://www.compensation.gov.lk/images/2019/application_form_for_kks_ta.pdf,
phone,pass,Published phone: 0000000336 ,https://www.compensation.gov.lk/images/2019/application_form_for_kks_ta.pdf,
phone,pass,Published phone: 0000000092 ,https://www.compensation.gov.lk/images/2019/application_form_for_kks_ta.pdf,
phone,pass,Published phone: 0000000424 ,https://www.compensation.gov.lk/images/2019/application_form_for_kks_ta.pdf,
phone,pass,Published phone: 0000353822 ,https://www.compensation.gov.lk/images/2019/application_form_for_kks_ta.pdf,
phone,pass,Published phone: 0000008923 ,https://www.compensation.gov.lk/images/2019/application_form_for_kks_ta.pdf,
phone,pass,Published phone: 0000000202 ,https://www.compensation.gov.lk/images/2019/application_form_for_kks_ta.pdf,
phone,pass,Published phone: 0000000256 ,https://www.compensation.gov.lk/images/2019/application_form_for_kks_ta.pdf,
phone,pass,Published phone: 0000000537 ,https://www.compensation.gov.lk/images/2019/application_form_for_kks_ta.pdf,
phone,pass,Published phone: 0000007380 ,https://www.compensation.gov.lk/images/2019/application_form_for_kks_ta.pdf,
phone,pass,Published phone: 0000000193 ,https://www.compensation.gov.lk/images/2019/application_form_for_kks_ta.pdf,
phone,pass,Published phone: 0000423764 ,https://www.compensation.gov.lk/images/2019/application_form_for_kks_ta.pdf,
phone,pass,Published phone: 0000000476 ,https://www.compensation.gov.lk/images/2019/application_form_for_kks_ta.pdf,
phone,pass,Published phone: 0000007879 ,https://www.compensation.gov.lk/images/2019/application_form_for_kks_ta.pdf,
phone,pass,Published phone: 0000000215 ,https://www.compensation.gov.lk/images/2019/application_form_for_kks_ta.pdf,
phone,pass,Published phone: 0000000344 ,https://www.compensation.gov.lk/images/2019/application_form_for_kks_ta.pdf,
phone,pass,Published phone: 0000000412 ,https://www.compensation.gov.lk/images/2019/application_form_for_kks_ta.pdf,
phone,pass,Published phone: 0000000218 ,https://www.compensation.gov.lk/images/2019/application_form_for_kks_ta.pdf,
phone,pass,Published phone: 0000000284 ,https://www.compensation.gov.lk/images/2019/application_form_for_kks_ta.pdf,
phone,pass,Published phone: 0000000271 ,https://www.compensation.gov.lk/images/2019/application_form_for_kks_ta.pdf,
phone,pass,Published phone: 0000000360 ,https://www.compensation.gov.lk/images/2019/application_form_for_kks_ta.pdf,
phone,pass,Published phone: 0000000519 ,https://www.compensation.gov.lk/images/2019/application_form_for_kks_ta.pdf,
phone,pass,Published phone: 0000342422 ,https://www.compensation.gov.lk/images/2019/application_form_for_kks_ta.pdf,
phone,pass,Published phone: 0000000128 ,https://www.compensation.gov.lk/images/2019/application_form_for_kks_ta.pdf,
phone,pass,Published phone: 0000000150 ,https://www.compensation.gov.lk/images/2019/application_form_for_kks_ta.pdf,
phone,pass,Published phone: 0000000086 ,https://www.compensation.gov.lk/images/2019/application_form_for_kks_ta.pdf,
phone,pass,Published phone: 0000000131 ,https://www.compensation.gov.lk/images/2019/application_form_for_kks_ta.pdf,
phone,pass,Published phone: 0000000513 ,https://www.compensation.gov.lk/images/2019/application_form_for_kks_ta.pdf,
phone,pass,Published phone: 0000000213 ,https://www.compensation.gov.lk/images/2019/application_form_for_kks_ta.pdf,
phone,pass,Published phone: 0000000259 ,https://www.compensation.gov.lk/images/2019/application_form_for_kks_ta.pdf,
phone,pass,Published phone: 0000018368 ,https://www.compensation.gov.lk/images/2019/application_form_for_kks_ta.pdf,
phone,pass,Published phone: 0000000478 ,https://www.compensation.gov.lk/images/2019/application_form_for_kks_ta.pdf,
phone,pass,Published phone: 0000000265 ,https://www.compensation.gov.lk/images/2019/application_form_for_kks_ta.pdf,
phone,pass,Published phone: 0000000433 ,https://www.compensation.gov.lk/images/2019/application_form_for_kks_ta.pdf,
phone,pass,Published phone: 07 0 0 0 0 0 0 0 0 ,https://www.compensation.gov.lk/images/2019/application_form_for_kks_ta.pdf,
phone,pass,Published phone: 0000000496 ,https://www.compensation.gov.lk/images/2019/application_form_for_kks_ta.pdf,
phone,pass,Published phone: 0000007032 ,https://www.compensation.gov.lk/images/2019/application_form_for_kks_ta.pdf,
phone,pass,Published phone: 0000010700 ,https://www.compensation.gov.lk/images/2019/application_form_for_kks_ta.pdf,
phone,pass,Published phone: 0000000449 ,https://www.compensation.gov.lk/images/2019/application_form_for_kks_ta.pdf,
phone,pass,Published phone: 0000000530 ,https://www.compensation.gov.lk/images/2019/application_form_for_kks_ta.pdf,
phone,pass,Published phone: 0000342362 ,https://www.compensation.gov.lk/images/2019/application_form_for_kks_ta.pdf,
phone,pass,Published phone: 0000000248 ,https://www.compensation.gov.lk/images/2019/application_form_for_kks_ta.pdf,
phone,pass,Published phone: 0000000320 ,https://www.compensation.gov.lk/images/2019/application_form_for_kks_ta.pdf,
phone,pass,Published phone: 0000000551 ,https://www.compensation.gov.lk/images/2019/application_form_for_kks_ta.pdf,
phone,pass,Published phone: 0000000073 ,https://www.compensation.gov.lk/images/2019/application_form_for_kks_ta.pdf,
phone,pass,Published phone: 0 0 0 841 899 0 ,https://www.compensation.gov.lk/images/2019/application_form_for_kks_ta.pdf,
phone,pass,Published phone: 0000000222 ,https://www.compensation.gov.lk/images/2019/application_form_for_kks_ta.pdf,
phone,pass,Published phone: 0000000350 ,https://www.compensation.gov.lk/images/2019/application_form_for_kks_ta.pdf,
phone,pass,Published phone: 0000000524 ,https://www.compensation.gov.lk/images/2019/application_form_for_kks_ta.pdf,
phone,pass,Published phone: 0000000206 ,https://www.compensation.gov.lk/images/2019/application_form_for_kks_ta.pdf,
phone,pass,Published phone: 0000000475 ,https://www.compensation.gov.lk/images/2019/application_form_for_kks_ta.pdf,
phone,pass,Published phone: 0000000346 ,https://www.compensation.gov.lk/images/2019/application_form_for_kks_ta.pdf,
phone,pass,Published phone: 0000000493 ,https://www.compensation.gov.lk/images/2019/application_form_for_kks_ta.pdf,
phone,pass,Published phone: 0000008690 ,https://www.compensation.gov.lk/images/2019/application_form_for_kks_ta.pdf,
phone,pass,Published phone: 0000000502 ,https://www.compensation.gov.lk/images/2019/application_form_for_kks_ta.pdf,
phone,pass,Published phone: 0000008529 ,https://www.compensation.gov.lk/images/2019/application_form_for_kks_ta.pdf,
phone,pass,Published phone: 0000000495 ,https://www.compensation.gov.lk/images/2019/application_form_for_kks_ta.pdf,
phone,pass,Published phone: 0000000113 ,https://www.compensation.gov.lk/images/2019/application_form_for_kks_ta.pdf,
phone,pass,Published phone: 0000000423 ,https://www.compensation.gov.lk/images/2019/application_form_for_kks_ta.pdf,
phone,pass,Published phone: 0000000241 ,https://www.compensation.gov.lk/images/2019/application_form_for_kks_ta.pdf,
phone,pass,Published phone: 0000255249 ,https://www.compensation.gov.lk/images/2019/application_form_for_kks_ta.pdf,
phone,pass,Published phone: 0000000328 ,https://www.compensation.gov.lk/images/2019/application_form_for_kks_ta.pdf,
phone,pass,Published phone: 0 0 0 0 0 201 1 0 ,https://www.compensation.gov.lk/images/2019/application_form_for_kks_ta.pdf,
phone,pass,Published phone: 0000000205 ,https://www.compensation.gov.lk/images/2019/application_form_for_kks_ta.pdf,
phone,pass,Published phone: 0000000264 ,https://www.compensation.gov.lk/images/2019/application_form_for_kks_ta.pdf,
phone,pass,Published phone: 0000000251 ,https://www.compensation.gov.lk/images/2019/application_form_for_kks_ta.pdf,
phone,pass,Published phone: 0000000123 ,https://www.compensation.gov.lk/images/2019/application_form_for_kks_ta.pdf,
phone,pass,Published phone: 0000000296 ,https://www.compensation.gov.lk/images/2019/application_form_for_kks_ta.pdf,
phone,pass,Published phone: 0000000140 ,https://www.compensation.gov.lk/images/2019/application_form_for_kks_ta.pdf,
phone,pass,Published phone: 0000000312 ,https://www.compensation.gov.lk/images/2019/application_form_for_kks_ta.pdf,
phone,pass,Published phone: 0000000373 ,https://www.compensation.gov.lk/images/2019/application_form_for_kks_ta.pdf,
phone,pass,Published phone: 0000000414 ,https://www.compensation.gov.lk/images/2019/application_form_for_kks_ta.pdf,
phone,pass,Published phone: 0000000514 ,https://www.compensation.gov.lk/images/2019/application_form_for_kks_ta.pdf,
phone,pass,Published phone: 0000000180 ,https://www.compensation.gov.lk/images/2019/application_form_for_kks_ta.pdf,
phone,pass,Published phone: 0000000506 ,https://www.compensation.gov.lk/images/2019/application_form_for_kks_ta.pdf,
phone,pass,Published phone: 0000000163 ,https://www.compensation.gov.lk/images/2019/application_form_for_kks_ta.pdf,
phone,pass,Published phone: 0000000237 ,https://www.compensation.gov.lk/images/2019/application_form_for_kks_ta.pdf,
phone,pass,Published phone: 0000353495 ,https://www.compensation.gov.lk/images/2019/application_form_for_kks_ta.pdf,
phone,pass,Published phone: 0 719 612 102,https://www.compensation.gov.lk/images/2019/application_form_for_kks_ta.pdf,
phone,pass,Published phone: 0000000311 ,https://www.compensation.gov.lk/images/2019/application_form_for_kks_ta.pdf,
phone,pass,Published phone: 0000000333 ,https://www.compensation.gov.lk/images/2019/application_form_for_kks_ta.pdf,
phone,pass,Published phone: 0000000103 ,https://www.compensation.gov.lk/images/2019/application_form_for_kks_ta.pdf,
phone,pass,Published phone: 0000000083 ,https://www.compensation.gov.lk/images/2019/application_form_for_kks_ta.pdf,
phone,pass,Published phone: 0000000216 ,https://www.compensation.gov.lk/images/2019/application_form_for_kks_ta.pdf,
phone,pass,Published phone: 0000000430 ,https://www.compensation.gov.lk/images/2019/application_form_for_kks_ta.pdf,
phone,pass,Published phone: 0000000367 ,https://www.compensation.gov.lk/images/2019/application_form_for_kks_ta.pdf,
phone,pass,Published phone: 0000000138 ,https://www.compensation.gov.lk/images/2019/application_form_for_kks_ta.pdf,
phone,pass,Published phone: 0000000196 ,https://www.compensation.gov.lk/images/2019/application_form_for_kks_ta.pdf,
phone,pass,Published phone: 0000000545 ,https://www.compensation.gov.lk/images/2019/application_form_for_kks_ta.pdf,
phone,pass,Published phone: 0000000325 ,https://www.compensation.gov.lk/images/2019/application_form_for_kks_ta.pdf,
phone,pass,Published phone: 0000000539 ,https://www.compensation.gov.lk/images/2019/application_form_for_kks_ta.pdf,
phone,pass,Published phone: 0000000084 ,https://www.compensation.gov.lk/images/2019/application_form_for_kks_ta.pdf,
phone,pass,Published phone: 0000000508 ,https://www.compensation.gov.lk/images/2019/application_form_for_kks_ta.pdf,
phone,pass,Published phone: 0 549 412 825 ,https://www.compensation.gov.lk/images/2019/application_form_for_kks_ta.pdf,
phone,pass,Published phone: 0000000089 ,https://www.compensation.gov.lk/images/2019/application_form_for_kks_ta.pdf,
phone,pass,Published phone: 0000009589 ,https://www.compensation.gov.lk/images/2019/application_form_for_kks_ta.pdf,
phone,pass,Published phone: 0000000459 ,https://www.compensation.gov.lk/images/2019/application_form_for_kks_ta.pdf,
phone,pass,Published phone: 0000012157 ,https://www.compensation.gov.lk/images/2019/application_form_for_kks_ta.pdf,
phone,pass,Published phone: 0000000477 ,https://www.compensation.gov.lk/images/2019/application_form_for_kks_ta.pdf,
phone,pass,Published phone: 0000000391 ,https://www.compensation.gov.lk/images/2019/application_form_for_kks_ta.pdf,
phone,pass,Published phone: 0000000304 ,https://www.compensation.gov.lk/images/2019/application_form_for_kks_ta.pdf,
phone,pass,Published phone: 0000000075 ,https://www.compensation.gov.lk/images/2019/application_form_for_kks_ta.pdf,
phone,pass,Published phone: 0000240977 ,https://www.compensation.gov.lk/images/2019/application_form_for_kks_ta.pdf,
phone,pass,Published phone: 0000492054 ,https://www.compensation.gov.lk/images/2019/application_form_for_kks_ta.pdf,
phone,pass,Published phone: 0000012383 ,https://www.compensation.gov.lk/images/2019/application_form_for_kks_ta.pdf,
phone,pass,Published phone: 0000000366 ,https://www.compensation.gov.lk/images/2019/application_form_for_kks_ta.pdf,
phone,pass,Published phone: 0000504119 ,https://www.compensation.gov.lk/images/2019/application_form_for_kks_ta.pdf,
phone,pass,Published phone: 0000000294 ,https://www.compensation.gov.lk/images/2019/application_form_for_kks_ta.pdf,
phone,pass,Published phone: 0000000381 ,https://www.compensation.gov.lk/images/2019/application_form_for_kks_ta.pdf,
phone,pass,Published phone: 0000000485 ,https://www.compensation.gov.lk/images/2019/application_form_for_kks_ta.pdf,
phone,pass,Published phone: 0000000497 ,https://www.compensation.gov.lk/images/2019/application_form_for_kks_ta.pdf,
phone,pass,Published phone: 0000000298 ,https://www.compensation.gov.lk/images/2019/application_form_for_kks_ta.pdf,
phone,pass,Published phone: 0000000432 ,https://www.compensation.gov.lk/images/2019/application_form_for_kks_ta.pdf,
phone,pass,Published phone: 0000000114 ,https://www.compensation.gov.lk/images/2019/application_form_for_kks_ta.pdf,
phone,pass,Published phone: 0000000348 ,https://www.compensation.gov.lk/images/2019/application_form_for_kks_ta.pdf,
phone,pass,Published phone: 0000000559 ,https://www.compensation.gov.lk/images/2019/application_form_for_kks_ta.pdf,
phone,pass,Published phone: 0000000395 ,https://www.compensation.gov.lk/images/2019/application_form_for_kks_ta.pdf,
phone,pass,Published phone: 0 0 0 0 0 0 0 0 0 0 ,https://www.compensation.gov.lk/images/2019/application_form_for_kks_ta.pdf,
phone,pass,Published phone: 0000000244 ,https://www.compensation.gov.lk/images/2019/application_form_for_kks_ta.pdf,
phone,pass,Published phone: 0000009177 ,https://www.compensation.gov.lk/images/2019/application_form_for_kks_ta.pdf,
phone,pass,Published phone: 0000000198 ,https://www.compensation.gov.lk/images/2019/application_form_for_kks_ta.pdf,
phone,pass,Published phone: 0000018640 ,https://www.compensation.gov.lk/images/2019/application_form_for_kks_ta.pdf,
phone,pass,Published phone: 0000000228 ,https://www.compensation.gov.lk/images/2019/application_form_for_kks_ta.pdf,
phone,pass,Published phone: 0000000407 ,https://www.compensation.gov.lk/images/2019/application_form_for_kks_ta.pdf,
phone,pass,Published phone: 0000000425 ,https://www.compensation.gov.lk/images/2019/application_form_for_kks_ta.pdf,
phone,pass,Published phone: 0000000390 ,https://www.compensation.gov.lk/images/2019/application_form_for_kks_ta.pdf,
phone,pass,Published phone: 0000000129 ,https://www.compensation.gov.lk/images/2019/application_form_for_kks_ta.pdf,
phone,pass,Published phone: 0000000359 ,https://www.compensation.gov.lk/images/2019/application_form_for_kks_ta.pdf,
phone,pass,Published phone: 0000005337 ,https://www.compensation.gov.lk/images/2019/application_form_for_kks_ta.pdf,
phone,pass,Published phone: 0000000017 ,https://www.compensation.gov.lk/images/2019/application_form_for_kks_ta.pdf,
phone,pass,Published phone: 0000000106 ,https://www.compensation.gov.lk/images/2019/application_form_for_kks_ta.pdf,
phone,pass,Published phone: 0000000168 ,https://www.compensation.gov.lk/images/2019/application_form_for_kks_ta.pdf,
phone,pass,Published phone: 0000000231 ,https://www.compensation.gov.lk/images/2019/application_form_for_kks_ta.pdf,
phone,pass,Published phone: 0000000384 ,https://www.compensation.gov.lk/images/2019/application_form_for_kks_ta.pdf,
phone,pass,Published phone: 0000000299 ,https://www.compensation.gov.lk/images/2019/application_form_for_kks_ta.pdf,
phone,pass,Published phone: 0000000444 ,https://www.compensation.gov.lk/images/2019/application_form_for_kks_ta.pdf,
phone,pass,Published phone: 0000000512 ,https://www.compensation.gov.lk/images/2019/application_form_for_kks_ta.pdf,
phone,pass,Published phone: 0000000171 ,https://www.compensation.gov.lk/images/2019/application_form_for_kks_ta.pdf,
phone,pass,Published phone: 0000120127 ,https://www.compensation.gov.lk/images/2019/application_form_for_kks_ta.pdf,
phone,pass,Published phone: 0000000225 ,https://www.compensation.gov.lk/images/2019/application_form_for_kks_ta.pdf,
phone,pass,Published phone: 0000000446 ,https://www.compensation.gov.lk/images/2019/application_form_for_kks_ta.pdf,
phone,pass,Published phone: 0000000305 ,https://www.compensation.gov.lk/images/2019/application_form_for_kks_ta.pdf,
phone,pass,Published phone: 0000000445 ,https://www.compensation.gov.lk/images/2019/application_form_for_kks_ta.pdf,
phone,pass,Published phone: 0000000443 ,https://www.compensation.gov.lk/images/2019/application_form_for_kks_ta.pdf,
phone,pass,Published phone: 0000000286 ,https://www.compensation.gov.lk/images/2019/application_form_for_kks_ta.pdf,
phone,pass,Published phone: 0000017694 ,https://www.compensation.gov.lk/images/2019/application_form_for_kks_ta.pdf,
phone,pass,Published phone: 0000000143 ,https://www.compensation.gov.lk/images/2019/application_form_for_kks_ta.pdf,
phone,pass,Published phone: 0000240638 ,https://www.compensation.gov.lk/images/2019/application_form_for_kks_ta.pdf,
phone,pass,Published phone: 0000000127 ,https://www.compensation.gov.lk/images/2019/application_form_for_kks_ta.pdf,
phone,pass,Published phone: 0000000289 ,https://www.compensation.gov.lk/images/2019/application_form_for_kks_ta.pdf,
phone,pass,Published phone: 0000000133 ,https://www.compensation.gov.lk/images/2019/application_form_for_kks_ta.pdf,
phone,pass,Published phone: 0000000116 ,https://www.compensation.gov.lk/images/2019/application_form_for_kks_ta.pdf,
phone,pass,Published phone: 0000000135 ,https://www.compensation.gov.lk/images/2019/application_form_for_kks_ta.pdf,
phone,pass,Published phone: 0000000313 ,https://www.compensation.gov.lk/images/2019/application_form_for_kks_ta.pdf,
phone,pass,Published phone: 0000000262 ,https://www.compensation.gov.lk/images/2019/application_form_for_kks_ta.pdf,
phone,pass,Published phone: 0000000074 ,https://www.compensation.gov.lk/images/2019/application_form_for_kks_ta.pdf,
phone,pass,Published phone: 0000000207 ,https://www.compensation.gov.lk/images/2019/application_form_for_kks_ta.pdf,
phone,pass,Published phone: 0000000279 ,https://www.compensation.gov.lk/images/2019/application_form_for_kks_ta.pdf,
phone,pass,Published phone: 0000000361 ,https://www.compensation.gov.lk/images/2019/application_form_for_kks_ta.pdf,
phone,pass,Published phone: 0 299 299 0 12,https://www.compensation.gov.lk/images/2019/application_form_for_kks_ta.pdf,
phone,pass,Published phone: 0000017802 ,https://www.compensation.gov.lk/images/2019/application_form_for_kks_ta.pdf,
phone,pass,Published phone: 0000000393 ,https://www.compensation.gov.lk/images/2019/application_form_for_kks_ta.pdf,
phone,pass,Published phone: 0000000453 ,https://www.compensation.gov.lk/images/2019/application_form_for_kks_ta.pdf,
phone,pass,Published phone: 0000000230 ,https://www.compensation.gov.lk/images/2019/application_form_for_kks_ta.pdf,
phone,pass,Published phone: 0000000535 ,https://www.compensation.gov.lk/images/2019/application_form_for_kks_ta.pdf,
phone,pass,Published phone: 0000000531 ,https://www.compensation.gov.lk/images/2019/application_form_for_kks_ta.pdf,
phone,pass,Published phone: 0000000354 ,https://www.compensation.gov.lk/images/2019/application_form_for_kks_ta.pdf,
phone,pass,Published phone: 0000000472 ,https://www.compensation.gov.lk/images/2019/application_form_for_kks_ta.pdf,
phone,pass,Published phone: 0000000229 ,https://www.compensation.gov.lk/images/2019/application_form_for_kks_ta.pdf,
phone,pass,Published phone: 0000000164 ,https://www.compensation.gov.lk/images/2019/application_form_for_kks_ta.pdf,
phone,pass,Published phone: 0000000487 ,https://www.compensation.gov.lk/images/2019/application_form_for_kks_ta.pdf,
phone,pass,Published phone: 0000000080 ,https://www.compensation.gov.lk/images/2019/application_form_for_kks_ta.pdf,
phone,pass,Published phone: 0000000281 ,https://www.compensation.gov.lk/images/2019/application_form_for_kks_ta.pdf,
phone,pass,Published phone: 0000000277 ,https://www.compensation.gov.lk/images/2019/application_form_for_kks_ta.pdf,
phone,pass,Published phone: 0000000334 ,https://www.compensation.gov.lk/images/2019/application_form_for_kks_ta.pdf,
phone,pass,Published phone: 0000006586 ,https://www.compensation.gov.lk/images/2019/application_form_for_kks_ta.pdf,
phone,pass,Published phone: 0000000447 ,https://www.compensation.gov.lk/images/2019/application_form_for_kks_ta.pdf,
phone,pass,Published phone: 0000000540 ,https://www.compensation.gov.lk/images/2019/application_form_for_kks_ta.pdf,
phone,pass,Published phone: 0000000321 ,https://www.compensation.gov.lk/images/2019/application_form_for_kks_ta.pdf,
phone,pass,Published phone: 0000000316 ,https://www.compensation.gov.lk/images/2019/application_form_for_kks_ta.pdf,
phone,pass,Published phone: 0000000331 ,https://www.compensation.gov.lk/images/2019/application_form_for_kks_ta.pdf,
phone,pass,Published phone: 0000018228 ,https://www.compensation.gov.lk/images/2019/application_form_for_kks_ta.pdf,
phone,pass,Published phone: 0000000538 ,https://www.compensation.gov.lk/images/2019/application_form_for_kks_ta.pdf,
phone,pass,Published phone: 07 507 507 50,https://www.compensation.gov.lk/images/2019/application_form_for_kks_ta.pdf,
phone,pass,Published phone: 0000000192 ,https://www.compensation.gov.lk/images/2019/application_form_for_kks_ta.pdf,
phone,pass,Published phone: 0000000550 ,https://www.compensation.gov.lk/images/2019/application_form_for_kks_ta.pdf,
phone,pass,Published phone: 0000000370 ,https://www.compensation.gov.lk/images/2019/application_form_for_kks_ta.pdf,
phone,pass,Published phone: 0000007718 ,https://www.compensation.gov.lk/images/2019/application_form_for_kks_ta.pdf,
phone,pass,Published phone: 0000000326 ,https://www.compensation.gov.lk/images/2019/application_form_for_kks_ta.pdf,
phone,pass,Published phone: 0000149428 ,https://www.compensation.gov.lk/images/2019/application_form_for_kks_ta.pdf,
phone,pass,Published phone: 0000000076 ,https://www.compensation.gov.lk/images/2019/application_form_for_kks_ta.pdf,
phone,pass,Published phone: 0000000566 ,https://www.compensation.gov.lk/images/2019/application_form_for_kks_ta.pdf,
phone,pass,Published phone: 0000007207 ,https://www.compensation.gov.lk/images/2019/application_form_for_kks_ta.pdf,
phone,pass,Published phone: 0000000549 ,https://www.compensation.gov.lk/images/2019/application_form_for_kks_ta.pdf,
phone,pass,Published phone: 0000000188 ,https://www.compensation.gov.lk/images/2019/application_form_for_kks_ta.pdf,
phone,pass,Published phone: 0000000467 ,https://www.compensation.gov.lk/images/2019/application_form_for_kks_ta.pdf,
phone,pass,Published phone: 0000000560 ,https://www.compensation.gov.lk/images/2019/application_form_for_kks_ta.pdf,
phone,pass,Published phone: 0000000236 ,https://www.compensation.gov.lk/images/2019/application_form_for_kks_ta.pdf,
phone,pass,Published phone: 0000000208 ,https://www.compensation.gov.lk/images/2019/application_form_for_kks_ta.pdf,
phone,pass,Published phone: 0000000176 ,https://www.compensation.gov.lk/images/2019/application_form_for_kks_ta.pdf,
phone,pass,Published phone: 0000000278 ,https://www.compensation.gov.lk/images/2019/application_form_for_kks_ta.pdf,
phone,pass,Published phone: 0000000351 ,https://www.compensation.gov.lk/images/2019/application_form_for_kks_ta.pdf,
phone,pass,Published phone: 0000006345 ,https://www.compensation.gov.lk/images/2019/application_form_for_kks_ta.pdf,
phone,pass,Published phone: 0000423792 ,https://www.compensation.gov.lk/images/2019/application_form_for_kks_ta.pdf,
phone,pass,Published phone: 0000000190 ,https://www.compensation.gov.lk/images/2019/application_form_for_kks_ta.pdf,
phone,pass,Published phone: 0000000420 ,https://www.compensation.gov.lk/images/2019/application_form_for_kks_ta.pdf,
phone,pass,Published phone: 0000000187 ,https://www.compensation.gov.lk/images/2019/application_form_for_kks_ta.pdf,
phone,pass,Published phone: 0000000376 ,https://www.compensation.gov.lk/images/2019/application_form_for_kks_ta.pdf,
phone,pass,Published phone: 0000000510 ,https://www.compensation.gov.lk/images/2019/application_form_for_kks_ta.pdf,
phone,pass,Published phone: 0000000288 ,https://www.compensation.gov.lk/images/2019/application_form_for_kks_ta.pdf,
phone,pass,Published phone: 0000000184 ,https://www.compensation.gov.lk/images/2019/application_form_for_kks_ta.pdf,
phone,pass,Published phone: 0000000246 ,https://www.compensation.gov.lk/images/2019/application_form_for_kks_ta.pdf,
phone,pass,Published phone: 0000000533 ,https://www.compensation.gov.lk/images/2019/application_form_for_kks_ta.pdf,
phone,pass,Published phone: 0000000247 ,https://www.compensation.gov.lk/images/2019/application_form_for_kks_ta.pdf,
phone,pass,Published phone: 0000000448 ,https://www.compensation.gov.lk/images/2019/application_form_for_kks_ta.pdf,
phone,pass,Published phone: 0000000529 ,https://www.compensation.gov.lk/images/2019/application_form_for_kks_ta.pdf,
phone,pass,Published phone: 0000000520 ,https://www.compensation.gov.lk/images/2019/application_form_for_kks_ta.pdf,
phone,pass,Published phone: 0000000167 ,https://www.compensation.gov.lk/images/2019/application_form_for_kks_ta.pdf,
phone,pass,Published phone: 0000000404 ,https://www.compensation.gov.lk/images/2019/application_form_for_kks_ta.pdf,
phone,pass,Published phone: 0000000335 ,https://www.compensation.gov.lk/images/2019/application_form_for_kks_ta.pdf,
phone,pass,Published phone: 0000000388 ,https://www.compensation.gov.lk/images/2019/application_form_for_kks_ta.pdf,
phone,pass,Published phone: 0000000377 ,https://www.compensation.gov.lk/images/2019/application_form_for_kks_ta.pdf,
phone,pass,Published phone: 0000000470 ,https://www.compensation.gov.lk/images/2019/application_form_for_kks_ta.pdf,
phone,pass,Published phone: 0000000238 ,https://www.compensation.gov.lk/images/2019/application_form_for_kks_ta.pdf,
phone,pass,Published phone: 0000000178 ,https://www.compensation.gov.lk/images/2019/application_form_for_kks_ta.pdf,
phone,pass,Published phone: 0000011050 ,https://www.compensation.gov.lk/images/2019/application_form_for_kks_ta.pdf,
phone,pass,Published phone: 0000000329 ,https://www.compensation.gov.lk/images/2019/application_form_for_kks_ta.pdf,
phone,pass,Published phone: 0000011760 ,https://www.compensation.gov.lk/images/2019/application_form_for_kks_ta.pdf,
phone,pass,Published phone: 0000000142 ,https://www.compensation.gov.lk/images/2019/application_form_for_kks_ta.pdf,
phone,pass,Published phone: 0000000410 ,https://www.compensation.gov.lk/images/2019/application_form_for_kks_ta.pdf,
phone,pass,Published phone: 0000000112 ,https://www.compensation.gov.lk/images/2019/application_form_for_kks_ta.pdf,
phone,pass,Published phone: 0000000543 ,https://www.compensation.gov.lk/images/2019/application_form_for_kks_ta.pdf,
phone,pass,Published phone: 0000000544 ,https://www.compensation.gov.lk/images/2019/application_form_for_kks_ta.pdf,
phone,pass,Published phone: 0000000426 ,https://www.compensation.gov.lk/images/2019/application_form_for_kks_ta.pdf,
phone,pass,Published phone: 0000000258 ,https://www.compensation.gov.lk/images/2019/application_form_for_kks_ta.pdf,
phone,pass,Published phone: 0000000317 ,https://www.compensation.gov.lk/images/2019/application_form_for_kks_ta.pdf,
phone,pass,Published phone: 0000000488 ,https://www.compensation.gov.lk/images/2019/application_form_for_kks_ta.pdf,
phone,pass,Published phone: 0000000269 ,https://www.compensation.gov.lk/images/2019/application_form_for_kks_ta.pdf,
phone,pass,Published phone: 0000011124 ,https://www.compensation.gov.lk/images/2019/application_form_for_kks_ta.pdf,
phone,pass,Published phone: 0000012988 ,https://www.compensation.gov.lk/images/2019/application_form_for_kks_ta.pdf,
phone,pass,Published phone: 0000000266 ,https://www.compensation.gov.lk/images/2019/application_form_for_kks_ta.pdf,
phone,pass,Published phone: 0000000219 ,https://www.compensation.gov.lk/images/2019/application_form_for_kks_ta.pdf,
phone,pass,Published phone: 0000000107 ,https://www.compensation.gov.lk/images/2019/application_form_for_kks_ta.pdf,
phone,pass,Published phone: 0000000174 ,https://www.compensation.gov.lk/images/2019/application_form_for_kks_ta.pdf,
phone,pass,Published phone: 0000000199 ,https://www.compensation.gov.lk/images/2019/application_form_for_kks_ta.pdf,
phone,pass,Published phone: 0000000267 ,https://www.compensation.gov.lk/images/2019/application_form_for_kks_ta.pdf,
phone,pass,Published phone: 0000000431 ,https://www.compensation.gov.lk/images/2019/application_form_for_kks_ta.pdf,
phone,pass,Published phone: 0000000343 ,https://www.compensation.gov.lk/images/2019/application_form_for_kks_ta.pdf,
phone,pass,Published phone: 0000000093 ,https://www.compensation.gov.lk/images/2019/application_form_for_kks_ta.pdf,
phone,pass,Published phone: 0000000355 ,https://www.compensation.gov.lk/images/2019/application_form_for_kks_ta.pdf,
phone,pass,Published phone: 0000000111 ,https://www.compensation.gov.lk/images/2019/application_form_for_kks_ta.pdf,
phone,pass,Published phone: 0000000105 ,https://www.compensation.gov.lk/images/2019/application_form_for_kks_ta.pdf,
phone,pass,Published phone: 0000000450 ,https://www.compensation.gov.lk/images/2019/application_form_for_kks_ta.pdf,
phone,pass,Published phone: 0000423711 ,https://www.compensation.gov.lk/images/2019/application_form_for_kks_ta.pdf,
phone,pass,Published phone: 0000000146 ,https://www.compensation.gov.lk/images/2019/application_form_for_kks_ta.pdf,
phone,pass,Published phone: 0000000405 ,https://www.compensation.gov.lk/images/2019/application_form_for_kks_ta.pdf,
phone,pass,Published phone: 0000000282 ,https://www.compensation.gov.lk/images/2019/application_form_for_kks_ta.pdf,
phone,pass,Published phone: 0000000183 ,https://www.compensation.gov.lk/images/2019/application_form_for_kks_ta.pdf,
phone,pass,Published phone: 0000000159 ,https://www.compensation.gov.lk/images/2019/application_form_for_kks_ta.pdf,
phone,pass,Published phone: 0000000232 ,https://www.compensation.gov.lk/images/2019/application_form_for_kks_ta.pdf,
phone,pass,Published phone: 00 628 132 69,https://www.compensation.gov.lk/images/2019/application_form_for_kks_ta.pdf,
phone,pass,Published phone: 0000000479 ,https://www.compensation.gov.lk/images/2019/application_form_for_kks_ta.pdf,
phone,pass,Published phone: 0000000200 ,https://www.compensation.gov.lk/images/2019/application_form_for_kks_ta.pdf,
phone,pass,Published phone: 0000010444 ,https://www.compensation.gov.lk/images/2019/application_form_for_kks_ta.pdf,
phone,pass,Published phone: 0000000095 ,https://www.compensation.gov.lk/images/2019/application_form_for_kks_ta.pdf,
phone,pass,Published phone: 0000022438 ,https://www.compensation.gov.lk/images/2019/application_form_for_kks_ta.pdf,
phone,pass,Published phone: 0000011534 ,https://www.compensation.gov.lk/images/2019/application_form_for_kks_ta.pdf,
phone,pass,Published phone: 0000000121 ,https://www.compensation.gov.lk/images/2019/application_form_for_kks_ta.pdf,
phone,pass,Published phone: 0000000548 ,https://www.compensation.gov.lk/images/2019/application_form_for_kks_ta.pdf,
phone,pass,Published phone: 0000000194 ,https://www.compensation.gov.lk/images/2019/application_form_for_kks_ta.pdf,
phone,pass,Published phone: 0000000254 ,https://www.compensation.gov.lk/images/2019/application_form_for_kks_ta.pdf,
phone,pass,Published phone: 0000000542 ,https://www.compensation.gov.lk/images/2019/application_form_for_kks_ta.pdf,
phone,pass,Published phone: 0 886 0 0 0 0 0 0 ,https://www.compensation.gov.lk/images/2019/application_form_for_kks_ta.pdf,
phone,pass,Published phone: 0000000185 ,https://www.compensation.gov.lk/images/2019/application_form_for_kks_ta.pdf,
phone,pass,Published phone: 0000018566 ,https://www.compensation.gov.lk/images/2019/application_form_for_kks_ta.pdf,
phone,pass,Published phone: 0000120077 ,https://www.compensation.gov.lk/images/2019/application_form_for_kks_ta.pdf,
phone,pass,Published phone: 0000011380 ,https://www.compensation.gov.lk/images/2019/application_form_for_kks_ta.pdf,
phone,pass,Published phone: 0000000209 ,https://www.compensation.gov.lk/images/2019/application_form_for_kks_ta.pdf,
phone,pass,Published phone: 0000029673 ,https://www.compensation.gov.lk/images/2019/application_form_for_kks_ta.pdf,
phone,pass,Published phone: 0000000235 ,https://www.compensation.gov.lk/images/2019/application_form_for_kks_ta.pdf,
phone,pass,Published phone: 0000000145 ,https://www.compensation.gov.lk/images/2019/application_form_for_kks_ta.pdf,
phone,pass,Published phone: 0000000081 ,https://www.compensation.gov.lk/images/2019/application_form_for_kks_ta.pdf,
phone,pass,Published phone: 0000424105 ,https://www.compensation.gov.lk/images/2019/application_form_for_kks_ta.pdf,
phone,pass,Published phone: 0000000408 ,https://www.compensation.gov.lk/images/2019/application_form_for_kks_ta.pdf,
phone,pass,Published phone: 0 0 802 900 62,https://www.compensation.gov.lk/images/2019/application_form_for_kks_ta.pdf,
phone,pass,Published phone: 0000000117 ,https://www.compensation.gov.lk/images/2019/application_form_for_kks_ta.pdf,
phone,pass,Published phone: 0000000371 ,https://www.compensation.gov.lk/images/2019/application_form_for_kks_ta.pdf,
phone,pass,Published phone: 0000022186 ,https://www.compensation.gov.lk/images/2019/application_form_for_kks_ta.pdf,
phone,pass,Published phone: 0000000455 ,https://www.compensation.gov.lk/images/2019/application_form_for_kks_ta.pdf,
phone,pass,Published phone: 0000000385 ,https://www.compensation.gov.lk/images/2019/application_form_for_kks_ta.pdf,
phone,pass,Published phone: 0000000191 ,https://www.compensation.gov.lk/images/2019/application_form_for_kks_ta.pdf,
phone,pass,Published phone: 0000000400 ,https://www.compensation.gov.lk/images/2019/application_form_for_kks_ta.pdf,
phone,pass,Published phone: 0000008104 ,https://www.compensation.gov.lk/images/2019/application_form_for_kks_ta.pdf,
phone,pass,Published phone: 0000000212 ,https://www.compensation.gov.lk/images/2019/application_form_for_kks_ta.pdf,
phone,pass,Published phone: 0000000158 ,https://www.compensation.gov.lk/images/2019/application_form_for_kks_ta.pdf,
phone,pass,Published phone: 0000007454 ,https://www.compensation.gov.lk/images/2019/application_form_for_kks_ta.pdf,
phone,pass,Published phone: 0000000374 ,https://www.compensation.gov.lk/images/2019/application_form_for_kks_ta.pdf,
phone,pass,Published phone: 0000000564 ,https://www.compensation.gov.lk/images/2019/application_form_for_kks_ta.pdf,
phone,pass,Published phone: 0000000345 ,https://www.compensation.gov.lk/images/2019/application_form_for_kks_ta.pdf,
phone,pass,Published phone: 0000041948 ,https://www.compensation.gov.lk/images/2019/application_form_for_kks_ta.pdf,
phone,pass,Published phone: 0000011686 ,https://www.compensation.gov.lk/images/2019/application_form_for_kks_ta.pdf,
phone,pass,Published phone: 0000330721 ,https://www.compensation.gov.lk/images/2019/application_form_for_kks_ta.pdf,
phone,pass,Published phone: 0000000118 ,https://www.compensation.gov.lk/images/2019/application_form_for_kks_ta.pdf,
phone,pass,Published phone: 0 230 359 0 69,https://www.compensation.gov.lk/images/2019/application_form_for_kks_ta.pdf,
phone,pass,Published phone: 0000000132 ,https://www.compensation.gov.lk/images/2019/application_form_for_kks_ta.pdf,
phone,pass,Published phone: 0000000148 ,https://www.compensation.gov.lk/images/2019/application_form_for_kks_ta.pdf,
phone,pass,Published phone: 0000492370 ,https://www.compensation.gov.lk/images/2019/application_form_for_kks_ta.pdf,
phone,pass,Published phone: 0000000375 ,https://www.compensation.gov.lk/images/2019/application_form_for_kks_ta.pdf,
phone,pass,Published phone: 0000000323 ,https://www.compensation.gov.lk/images/2019/application_form_for_kks_ta.pdf,
phone,pass,Published phone: 0000021941 ,https://www.compensation.gov.lk/images/2019/application_form_for_kks_ta.pdf,
phone,pass,Published phone: 0000000528 ,https://www.compensation.gov.lk/images/2019/application_form_for_kks_ta.pdf,
phone,pass,Published phone: 0000009515 ,https://www.compensation.gov.lk/images/2019/application_form_for_kks_ta.pdf,
phone,pass,Published phone: 0000000177 ,https://www.compensation.gov.lk/images/2019/application_form_for_kks_ta.pdf,
phone,pass,Published phone: 0000008660 ,https://www.compensation.gov.lk/images/2019/application_form_for_kks_ta.pdf,
phone,pass,Published phone: 0000000483 ,https://www.compensation.gov.lk/images/2019/application_form_for_kks_ta.pdf,
phone,pass,Published phone: 0000000562 ,https://www.compensation.gov.lk/images/2019/application_form_for_kks_ta.pdf,
phone,pass,Published phone: 0000042060 ,https://www.compensation.gov.lk/images/2019/application_form_for_kks_ta.pdf,
phone,pass,Published phone: 0000010006 ,https://www.compensation.gov.lk/images/2019/application_form_for_kks_ta.pdf,
phone,pass,Published phone: 0000000396 ,https://www.compensation.gov.lk/images/2019/application_form_for_kks_ta.pdf,
phone,pass,Published phone: 0000000337 ,https://www.compensation.gov.lk/images/2019/application_form_for_kks_ta.pdf,
phone,pass,Published phone: 0000000173 ,https://www.compensation.gov.lk/images/2019/application_form_for_kks_ta.pdf,
phone,pass,Published phone: 0000000555 ,https://www.compensation.gov.lk/images/2019/application_form_for_kks_ta.pdf,
phone,pass,Published phone: 0000000557 ,https://www.compensation.gov.lk/images/2019/application_form_for_kks_ta.pdf,
phone,pass,Published phone: 0000000260 ,https://www.compensation.gov.lk/images/2019/application_form_for_kks_ta.pdf,
phone,pass,Published phone: 0000000130 ,https://www.compensation.gov.lk/images/2019/application_form_for_kks_ta.pdf,
phone,pass,Published phone: 0000000102 ,https://www.compensation.gov.lk/images/2019/application_form_for_kks_ta.pdf,
phone,pass,Published phone: 0000000307 ,https://www.compensation.gov.lk/images/2019/application_form_for_kks_ta.pdf,
phone,pass,Published phone: 0000000363 ,https://www.compensation.gov.lk/images/2019/application_form_for_kks_ta.pdf,
phone,pass,Published phone: 0000000500 ,https://www.compensation.gov.lk/images/2019/application_form_for_kks_ta.pdf,
phone,pass,Published phone: 0000255305 ,https://www.compensation.gov.lk/images/2019/application_form_for_kks_ta.pdf,
phone,pass,Published phone: 0000255606 ,https://www.compensation.gov.lk/images/2019/application_form_for_kks_ta.pdf,
phone,pass,Published phone: 0000000494 ,https://www.compensation.gov.lk/images/2019/application_form_for_kks_ta.pdf,
phone,pass,Published phone: 0000000257 ,https://www.compensation.gov.lk/images/2019/application_form_for_kks_ta.pdf,
phone,pass,Published phone: 0000000440 ,https://www.compensation.gov.lk/images/2019/application_form_for_kks_ta.pdf,
phone,pass,Published phone: 0000000462 ,https://www.compensation.gov.lk/images/2019/application_form_for_kks_ta.pdf,
phone,pass,Published phone: 0000000340 ,https://www.compensation.gov.lk/images/2019/application_form_for_kks_ta.pdf,
phone,pass,Published phone: 0000000516 ,https://www.compensation.gov.lk/images/2019/application_form_for_kks_ta.pdf,
phone,pass,Published phone: 0000000454 ,https://www.compensation.gov.lk/images/2019/application_form_for_kks_ta.pdf,
phone,pass,Published phone: 0000000439 ,https://www.compensation.gov.lk/images/2019/application_form_for_kks_ta.pdf,
phone,pass,Published phone: 0000000563 ,https://www.compensation.gov.lk/images/2019/application_form_for_kks_ta.pdf,
phone,pass,Published phone: 0000000339 ,https://www.compensation.gov.lk/images/2019/application_form_for_kks_ta.pdf,
phone,pass,Published phone: 0000000151 ,https://www.compensation.gov.lk/images/2019/application_form_for_kks_ta.pdf,
phone,pass,Published phone: 0000000364 ,https://www.compensation.gov.lk/images/2019/application_form_for_kks_ta.pdf,
phone,pass,Published phone: 0000000318 ,https://www.compensation.gov.lk/images/2019/application_form_for_kks_ta.pdf,
phone,pass,Published phone: 0000491998 ,https://www.compensation.gov.lk/images/2019/application_form_for_kks_ta.pdf,
phone,pass,Published phone: 0000000429 ,https://www.compensation.gov.lk/images/2019/application_form_for_kks_ta.pdf,
phone,pass,Published phone: 0000000553 ,https://www.compensation.gov.lk/images/2019/application_form_for_kks_ta.pdf,
phone,pass,Published phone: 0000000417 ,https://www.compensation.gov.lk/images/2019/application_form_for_kks_ta.pdf,
phone,pass,Published phone: 0000000322 ,https://www.compensation.gov.lk/images/2019/application_form_for_kks_ta.pdf,
phone,pass,Published phone: 0000000434 ,https://www.compensation.gov.lk/images/2019/application_form_for_kks_ta.pdf,
phone,pass,Published phone: 0000000085 ,https://www.compensation.gov.lk/images/2019/application_form_for_kks_ta.pdf,
phone,pass,Published phone: 0000000507 ,https://www.compensation.gov.lk/images/2019/application_form_for_kks_ta.pdf,
phone,pass,Published phone: 0000000428 ,https://www.compensation.gov.lk/images/2019/application_form_for_kks_ta.pdf,
phone,pass,Published phone: 0000000224 ,https://www.compensation.gov.lk/images/2019/application_form_for_kks_ta.pdf,
phone,pass,Published phone: 0000330406 ,https://www.compensation.gov.lk/images/2019/application_form_for_kks_ta.pdf,
phone,pass,Published phone: 0000000561 ,https://www.compensation.gov.lk/images/2019/application_form_for_kks_ta.pdf,
phone,pass,Published phone: 0000000394 ,https://www.compensation.gov.lk/images/2019/application_form_for_kks_ta.pdf,
phone,pass,Published phone: 0000000227 ,https://www.compensation.gov.lk/images/2019/application_form_for_kks_ta.pdf,
phone,pass,Published phone: 0000000523 ,https://www.compensation.gov.lk/images/2019/application_form_for_kks_ta.pdf,
phone,pass,Published phone: 0000255154 ,https://www.compensation.gov.lk/images/2019/application_form_for_kks_ta.pdf,
phone,pass,Published phone: 0000000249 ,https://www.compensation.gov.lk/images/2019/application_form_for_kks_ta.pdf,
phone,pass,Published phone: 0000000568 ,https://www.compensation.gov.lk/images/2019/application_form_for_kks_ta.pdf,
phone,pass,Published phone: 0000000088 ,https://www.compensation.gov.lk/images/2019/application_form_for_kks_ta.pdf,
phone,pass,Published phone: 0000012127 ,https://www.compensation.gov.lk/images/2019/application_form_for_kks_ta.pdf,
phone,pass,Published phone: 0000017748 ,https://www.compensation.gov.lk/images/2019/application_form_for_kks_ta.pdf,
phone,pass,Published phone: 0000000418 ,https://www.compensation.gov.lk/images/2019/application_form_for_kks_ta.pdf,
phone,pass,Published phone: 0000000273 ,https://www.compensation.gov.lk/images/2019/application_form_for_kks_ta.pdf,
phone,pass,Published phone: 0000000308 ,https://www.compensation.gov.lk/images/2019/application_form_for_kks_ta.pdf,
phone,pass,Published phone: 0000019222 ,https://www.compensation.gov.lk/images/2019/application_form_for_kks_ta.pdf,
phone,pass,Published phone: 0000000087 ,https://www.compensation.gov.lk/images/2019/application_form_for_kks_ta.pdf,
phone,pass,Published phone: 0000000091 ,https://www.compensation.gov.lk/images/2019/application_form_for_kks_ta.pdf,
phone,pass,Published phone: 0000000546 ,https://www.compensation.gov.lk/images/2019/application_form_for_kks_ta.pdf,
phone,pass,Published phone: 0000504518 ,https://www.compensation.gov.lk/images/2019/application_form_for_kks_ta.pdf,
phone,pass,Published phone: 0000000195 ,https://www.compensation.gov.lk/images/2019/application_form_for_kks_ta.pdf,
phone,pass,Published phone: 0000000160 ,https://www.compensation.gov.lk/images/2019/application_form_for_kks_ta.pdf,
phone,pass,Published phone: 0000010260 ,https://www.compensation.gov.lk/images/2019/application_form_for_kks_ta.pdf,
phone,pass,Published phone: 0000000136 ,https://www.compensation.gov.lk/images/2019/application_form_for_kks_ta.pdf,
phone,pass,Published phone: 0000000522 ,https://www.compensation.gov.lk/images/2019/application_form_for_kks_ta.pdf,
phone,pass,Published phone: 0000000338 ,https://www.compensation.gov.lk/images/2019/application_form_for_kks_ta.pdf,
phone,pass,Published phone: 0000000482 ,https://www.compensation.gov.lk/images/2019/application_form_for_kks_ta.pdf,
phone,pass,Published phone: 0000000152 ,https://www.compensation.gov.lk/images/2019/application_form_for_kks_ta.pdf,
phone,pass,Published phone: 0000000489 ,https://www.compensation.gov.lk/images/2019/application_form_for_kks_ta.pdf,
phone,pass,Published phone: 0000000290 ,https://www.compensation.gov.lk/images/2019/application_form_for_kks_ta.pdf,
phone,pass,Published phone: 0000000110 ,https://www.compensation.gov.lk/images/2019/application_form_for_kks_ta.pdf,
phone,pass,Published phone: 0000000220 ,https://www.compensation.gov.lk/images/2019/application_form_for_kks_ta.pdf,
phone,pass,Published phone: 0000000365 ,https://www.compensation.gov.lk/images/2019/application_form_for_kks_ta.pdf,
phone,pass,Published phone: 0000149294 ,https://www.compensation.gov.lk/images/2019/application_form_for_kks_ta.pdf,
phone,pass,Published phone: 0000000427 ,https://www.compensation.gov.lk/images/2019/application_form_for_kks_ta.pdf,
phone,pass,Published phone: 0000000486 ,https://www.compensation.gov.lk/images/2019/application_form_for_kks_ta.pdf,
phone,pass,Published phone: 0000000554 ,https://www.compensation.gov.lk/images/2019/application_form_for_kks_ta.pdf,
phone,pass,Published phone: 0000000239 ,https://www.compensation.gov.lk/images/2019/application_form_for_kks_ta.pdf,
phone,pass,Published phone: 0000000490 ,https://www.compensation.gov.lk/images/2019/application_form_for_kks_ta.pdf,
phone,pass,Published phone: 0000000156 ,https://www.compensation.gov.lk/images/2019/application_form_for_kks_ta.pdf,
phone,pass,Published phone: 0000018888 ,https://www.compensation.gov.lk/images/2019/application_form_for_kks_ta.pdf,
phone,pass,Published phone: 0000005755 ,https://www.compensation.gov.lk/images/2019/application_form_for_kks_ta.pdf,
phone,pass,Published phone: 0000009837 ,https://www.compensation.gov.lk/images/2019/application_form_for_kks_ta.pdf,
phone,pass,Published phone: 0000000115 ,https://www.compensation.gov.lk/images/2019/application_form_for_kks_ta.pdf,
phone,pass,Published phone: 0000000175 ,https://www.compensation.gov.lk/images/2019/application_form_for_kks_ta.pdf,
phone,pass,Published phone: 0000000527 ,https://www.compensation.gov.lk/images/2019/application_form_for_kks_ta.pdf,
phone,pass,Published phone: 0000000100 ,https://www.compensation.gov.lk/images/2019/application_form_for_kks_ta.pdf,
phone,pass,Published phone: 0000000263 ,https://www.compensation.gov.lk/images/2019/application_form_for_kks_ta.pdf,
phone,pass,Published phone: 0000000315 ,https://www.compensation.gov.lk/images/2019/application_form_for_kks_ta.pdf,
phone,pass,Published phone: 0000000456 ,https://www.compensation.gov.lk/images/2019/application_form_for_kks_ta.pdf,
phone,pass,Published phone: 0000021911 ,https://www.compensation.gov.lk/images/2019/application_form_for_kks_ta.pdf,
phone,pass,Published phone: 0000000403 ,https://www.compensation.gov.lk/images/2019/application_form_for_kks_ta.pdf,
phone,pass,Published phone: 0000000134 ,https://www.compensation.gov.lk/images/2019/application_form_for_kks_ta.pdf,
phone,pass,Published phone: 0000000499 ,https://www.compensation.gov.lk/images/2019/application_form_for_kks_ta.pdf,
phone,pass,Published phone: 0000000221 ,https://www.compensation.gov.lk/images/2019/application_form_for_kks_ta.pdf,
phone,pass,Published phone: 0000000141 ,https://www.compensation.gov.lk/images/2019/application_form_for_kks_ta.pdf,
phone,pass,Published phone: 0000000387 ,https://www.compensation.gov.lk/images/2019/application_form_for_kks_ta.pdf,
phone,pass,Published phone: 0000008849 ,https://www.compensation.gov.lk/images/2019/application_form_for_kks_ta.pdf,
phone,pass,Published phone: 0000000413 ,https://www.compensation.gov.lk/images/2019/application_form_for_kks_ta.pdf,
phone,pass,Published phone: 0000000473 ,https://www.compensation.gov.lk/images/2019/application_form_for_kks_ta.pdf,
phone,pass,Published phone: 0000353429 ,https://www.compensation.gov.lk/images/2019/application_form_for_kks_ta.pdf,
phone,pass,Published phone: 0000504217 ,https://www.compensation.gov.lk/images/2019/application_form_for_kks_ta.pdf,
phone,pass,Published phone: 0000000272 ,https://www.compensation.gov.lk/images/2019/application_form_for_kks_ta.pdf,
phone,pass,Published phone: 0000000419 ,https://www.compensation.gov.lk/images/2019/application_form_for_kks_ta.pdf,
phone,pass,Published phone: 0000000357 ,https://www.compensation.gov.lk/images/2019/application_form_for_kks_ta.pdf,
phone,pass,Published phone: 0000000504 ,https://www.compensation.gov.lk/images/2019/application_form_for_kks_ta.pdf,
phone,pass,Published phone: 0000330208 ,https://www.compensation.gov.lk/images/2019/application_form_for_kks_ta.pdf,
phone,pass,Published phone: 0000000211 ,https://www.compensation.gov.lk/images/2019/application_form_for_kks_ta.pdf,
phone,pass,Published phone: 0000000252 ,https://www.compensation.gov.lk/images/2019/application_form_for_kks_ta.pdf,
phone,pass,Published phone: 0000000306 ,https://www.compensation.gov.lk/images/2019/application_form_for_kks_ta.pdf,
phone,pass,Published phone: 0000000525 ,https://www.compensation.gov.lk/images/2019/application_form_for_kks_ta.pdf,
phone,pass,Published phone: 0000009317 ,https://www.compensation.gov.lk/images/2019/application_form_for_kks_ta.pdf,
phone,pass,Published phone: 0000000096 ,https://www.compensation.gov.lk/images/2019/application_form_for_kks_ta.pdf,
phone,pass,Published phone: 0000000082 ,https://www.compensation.gov.lk/images/2019/application_form_for_kks_ta.pdf,
phone,pass,Published phone: 0000000532 ,https://www.compensation.gov.lk/images/2019/application_form_for_kks_ta.pdf,
phone,pass,Published phone: 0000000501 ,https://www.compensation.gov.lk/images/2019/application_form_for_kks_ta.pdf,
phone,pass,Published phone: 0000000094 ,https://www.compensation.gov.lk/images/2019/application_form_for_kks_ta.pdf,
phone,pass,Published phone: 0000000172 ,https://www.compensation.gov.lk/images/2019/application_form_for_kks_ta.pdf,
phone,pass,Published phone: 0000000517 ,https://www.compensation.gov.lk/images/2019/application_form_for_kks_ta.pdf,
phone,pass,Published phone: 0000000179 ,https://www.compensation.gov.lk/images/2019/application_form_for_kks_ta.pdf,
phone,pass,Published phone: 0000000182 ,https://www.compensation.gov.lk/images/2019/application_form_for_kks_ta.pdf,
phone,pass,Published phone: 0000000436 ,https://www.compensation.gov.lk/images/2019/application_form_for_kks_ta.pdf,
phone,pass,Published phone: 0000000097 ,https://www.compensation.gov.lk/images/2019/application_form_for_kks_ta.pdf,
phone,pass,Published phone: 0000000233 ,https://www.compensation.gov.lk/images/2019/application_form_for_kks_ta.pdf,
phone,pass,Published phone: 0000010876 ,https://www.compensation.gov.lk/images/2019/application_form_for_kks_ta.pdf,
phone,pass,Published phone: 0000000291 ,https://www.compensation.gov.lk/images/2019/application_form_for_kks_ta.pdf,
phone,pass,Published phone: 0000000287 ,https://www.compensation.gov.lk/images/2019/application_form_for_kks_ta.pdf,
phone,pass,Published phone: 0000000327 ,https://www.compensation.gov.lk/images/2019/application_form_for_kks_ta.pdf,
phone,pass,Published phone: 0000000372 ,https://www.compensation.gov.lk/images/2019/application_form_for_kks_ta.pdf,
phone,pass,Published phone: 0000000536 ,https://www.compensation.gov.lk/images/2019/application_form_for_kks_ta.pdf,
phone,pass,Published phone: 0000012626 ,https://www.compensation.gov.lk/images/2019/application_form_for_kks_ta.pdf,
phone,pass,Published phone: 0000000169 ,https://www.compensation.gov.lk/images/2019/application_form_for_kks_ta.pdf,
phone,pass,Published phone: 0000000481 ,https://www.compensation.gov.lk/images/2019/application_form_for_kks_ta.pdf,
phone,pass,Published phone: 0000000521 ,https://www.compensation.gov.lk/images/2019/application_form_for_kks_ta.pdf,
phone,pass,Published phone: 0000000214 ,https://www.compensation.gov.lk/images/2019/application_form_for_kks_ta.pdf,
phone,pass,Published phone: 0000000480 ,https://www.compensation.gov.lk/images/2019/application_form_for_kks_ta.pdf,
phone,pass,Published phone: 0000000181 ,https://www.compensation.gov.lk/images/2019/application_form_for_kks_ta.pdf,
phone,pass,Published phone: 0000000098 ,https://www.compensation.gov.lk/images/2019/application_form_for_kks_ta.pdf,
phone,pass,Published phone: 0000000567 ,https://www.compensation.gov.lk/images/2019/application_form_for_kks_ta.pdf,
phone,pass,Published phone: 0000000347 ,https://www.compensation.gov.lk/images/2019/application_form_for_kks_ta.pdf,
phone,pass,Published phone: 0 749 1092 0 0 ,https://www.compensation.gov.lk/images/2019/application_form_for_kks_ta.pdf,
phone,pass,Published phone: 00 0 0 0 0 0 0 0 6,https://www.compensation.gov.lk/images/2019/application_form_for_kks_ta.pdf,
phone,pass,Published phone: 0000000398 ,https://www.compensation.gov.lk/images/2019/application_form_for_kks_ta.pdf,
phone,pass,Published phone: 0000000204 ,https://www.compensation.gov.lk/images/2019/application_form_for_kks_ta.pdf,
phone,pass,Published phone: 0000012003 ,https://www.compensation.gov.lk/images/2019/application_form_for_kks_ta.pdf,
phone,pass,Published phone: 0000000293 ,https://www.compensation.gov.lk/images/2019/application_form_for_kks_ta.pdf,
phone,pass,Published phone: 0000000149 ,https://www.compensation.gov.lk/images/2019/application_form_for_kks_ta.pdf,
phone,pass,Published phone: 0000000422 ,https://www.compensation.gov.lk/images/2019/application_form_for_kks_ta.pdf,
phone,pass,Published phone: 0000000558 ,https://www.compensation.gov.lk/images/2019/application_form_for_kks_ta.pdf,
phone,pass,Published phone: 0000021768 ,https://www.compensation.gov.lk/images/2019/application_form_for_kks_ta.pdf,
phone,pass,Published phone: 0000000465 ,https://www.compensation.gov.lk/images/2019/application_form_for_kks_ta.pdf,
phone,pass,Published phone: 0000000301 ,https://www.compensation.gov.lk/images/2019/application_form_for_kks_ta.pdf,
phone,pass,Published phone: 0000000186 ,https://www.compensation.gov.lk/images/2019/application_form_for_kks_ta.pdf,
phone,pass,Published phone: 0000000498 ,https://www.compensation.gov.lk/images/2019/application_form_for_kks_ta.pdf,
phone,pass,Published phone: 0000000397 ,https://www.compensation.gov.lk/images/2019/application_form_for_kks_ta.pdf,
phone,pass,Published phone: 0000000511 ,https://www.compensation.gov.lk/images/2019/application_form_for_kks_ta.pdf,
phone,pass,Published phone: 0000000491 ,https://www.compensation.gov.lk/images/2019/application_form_for_kks_ta.pdf,
phone,pass,Published phone: 0000000310 ,https://www.compensation.gov.lk/images/2019/application_form_for_kks_ta.pdf,
phone,pass,Published phone: 0000000201 ,https://www.compensation.gov.lk/images/2019/application_form_for_kks_ta.pdf,
phone,pass,Published phone: 0000000109 ,https://www.compensation.gov.lk/images/2019/application_form_for_kks_ta.pdf,
phone,pass,Published phone: 0000000464 ,https://www.compensation.gov.lk/images/2019/application_form_for_kks_ta.pdf,
phone,pass,Published phone: 0000004919 ,https://www.compensation.gov.lk/images/2019/application_form_for_kks_ta.pdf,
phone,pass,Published phone: 0000000270 ,https://www.compensation.gov.lk/images/2019/application_form_for_kks_ta.pdf,
phone,pass,Published phone: 0000000383 ,https://www.compensation.gov.lk/images/2019/application_form_for_kks_ta.pdf,
phone,pass,Published phone: 0000342296 ,https://www.compensation.gov.lk/images/2019/application_form_for_kks_ta.pdf,
phone,pass,Published phone: 0000000101 ,https://www.compensation.gov.lk/images/2019/application_form_for_kks_ta.pdf,
phone,pass,Published phone: 0000000274 ,https://www.compensation.gov.lk/images/2019/application_form_for_kks_ta.pdf,
phone,pass,Published phone: 0000000309 ,https://www.compensation.gov.lk/images/2019/application_form_for_kks_ta.pdf,
phone,pass,Published phone: 0 0 1000 0 782 ,https://www.compensation.gov.lk/images/2019/application_form_for_kks_ta.pdf,
phone,pass,Published phone: 0000005088 ,https://www.compensation.gov.lk/images/2019/application_form_for_kks_ta.pdf,
phone,pass,Published phone: 0000000210 ,https://www.compensation.gov.lk/images/2019/application_form_for_kks_ta.pdf,
phone,pass,Published phone: 0000000285 ,https://www.compensation.gov.lk/images/2019/application_form_for_kks_ta.pdf,
phone,pass,Published phone: 0000029999 ,https://www.compensation.gov.lk/images/2019/application_form_for_kks_ta.pdf,
phone,pass,Published phone: 0000000240 ,https://www.compensation.gov.lk/images/2019/application_form_for_kks_ta.pdf,
phone,pass,Published phone: 0000000452 ,https://www.compensation.gov.lk/images/2019/application_form_for_kks_ta.pdf,
phone,pass,Published phone: 0000000505 ,https://www.compensation.gov.lk/images/2019/application_form_for_kks_ta.pdf,
phone,pass,Published phone: 0000000139 ,https://www.compensation.gov.lk/images/2019/application_form_for_kks_ta.pdf,
phone,pass,Published phone: 0000000399 ,https://www.compensation.gov.lk/images/2019/application_form_for_kks_ta.pdf,
phone,pass,Published phone: 0000006768 ,https://www.compensation.gov.lk/images/2019/application_form_for_kks_ta.pdf,
phone,pass,Published phone: 0000009347 ,https://www.compensation.gov.lk/images/2019/application_form_for_kks_ta.pdf,
phone,pass,Published phone: 0000017980 ,https://www.compensation.gov.lk/images/2019/application_form_for_kks_ta.pdf,
phone,pass,Published phone: 0000000125 ,https://www.compensation.gov.lk/images/2019/application_form_for_kks_ta.pdf,
phone,pass,Published phone: 0000022112 ,https://www.compensation.gov.lk/images/2019/application_form_for_kks_ta.pdf,
phone,pass,Published phone: 0000000474 ,https://www.compensation.gov.lk/images/2019/application_form_for_kks_ta.pdf,
phone,pass,Published phone: 0000000255 ,https://www.compensation.gov.lk/images/2019/application_form_for_kks_ta.pdf,
phone,pass,Published phone: 0000000292 ,https://www.compensation.gov.lk/images/2019/application_form_for_kks_ta.pdf,
phone,pass,Published phone: 0000005930 ,https://www.compensation.gov.lk/images/2019/application_form_for_kks_ta.pdf,
phone,pass,Published phone: 0000000441 ,https://www.compensation.gov.lk/images/2019/application_form_for_kks_ta.pdf,
phone,pass,Published phone: 0000012309 ,https://www.compensation.gov.lk/images/2019/application_form_for_kks_ta.pdf,
phone,pass,Published phone: 0000000280 ,https://www.compensation.gov.lk/images/2019/application_form_for_kks_ta.pdf,
phone,pass,Published phone: 0000000379 ,https://www.compensation.gov.lk/images/2019/application_form_for_kks_ta.pdf,
phone,pass,Published phone: 0000504189 ,https://www.compensation.gov.lk/images/2019/application_form_for_kks_ta.pdf,
phone,pass,Published phone: 0000000302 ,https://www.compensation.gov.lk/images/2019/application_form_for_kks_ta.pdf,
phone,pass,Published phone: 0000000468 ,https://www.compensation.gov.lk/images/2019/application_form_for_kks_ta.pdf,
phone,pass,Published phone: 0000000369 ,https://www.compensation.gov.lk/images/2019/application_form_for_kks_ta.pdf,
phone,pass,Published phone: 0000000162 ,https://www.compensation.gov.lk/images/2019/application_form_for_kks_ta.pdf,
phone,pass,Published phone: 0000000261 ,https://www.compensation.gov.lk/images/2019/application_form_for_kks_ta.pdf,
phone,pass,Published phone: 0000011504 ,https://www.compensation.gov.lk/images/2019/application_form_for_kks_ta.pdf,
phone,pass,Published phone: 0000000362 ,https://www.compensation.gov.lk/images/2019/application_form_for_kks_ta.pdf,
phone,pass,Published phone: 0000000389 ,https://www.compensation.gov.lk/images/2019/application_form_for_kks_ta.pdf,
phone,pass,Published phone: 0000000349 ,https://www.compensation.gov.lk/images/2019/application_form_for_kks_ta.pdf,
phone,pass,Published phone: 0000000189 ,https://www.compensation.gov.lk/images/2019/application_form_for_kks_ta.pdf,
phone,pass,Published phone: 0000000000 ,https://www.compensation.gov.lk/images/2019/application_form_for_kks_ta.pdf,
phone,pass,Published phone: 0000000253 ,https://www.compensation.gov.lk/images/2019/application_form_for_kks_ta.pdf,
phone,pass,Published phone: 0000000314 ,https://www.compensation.gov.lk/images/2019/application_form_for_kks_ta.pdf,
phone,pass,Published phone: 0000000295 ,https://www.compensation.gov.lk/images/2019/application_form_for_kks_ta.pdf,
phone,pass,Published phone: 0000010846 ,https://www.compensation.gov.lk/images/2019/application_form_for_kks_ta.pdf,
phone,pass,Published phone: 0000000122 ,https://www.compensation.gov.lk/images/2019/application_form_for_kks_ta.pdf,
phone,pass,Published phone: 0000000223 ,https://www.compensation.gov.lk/images/2019/application_form_for_kks_ta.pdf,
phone,pass,Published phone: 0000000268 ,https://www.compensation.gov.lk/images/2019/application_form_for_kks_ta.pdf,
phone,pass,Published phone: 0000006175 ,https://www.compensation.gov.lk/images/2019/application_form_for_kks_ta.pdf,
phone,pass,Published phone: 0000000147 ,https://www.compensation.gov.lk/images/2019/application_form_for_kks_ta.pdf,
phone,pass,Published phone: 0000000421 ,https://www.compensation.gov.lk/images/2019/application_form_for_kks_ta.pdf,
phone,pass,Published phone: 0000000463 ,https://www.compensation.gov.lk/images/2019/application_form_for_kks_ta.pdf,
phone,pass,Published phone: 0000000466 ,https://www.compensation.gov.lk/images/2019/application_form_for_kks_ta.pdf,
phone,pass,Published phone: 0000000234 ,https://www.compensation.gov.lk/images/2019/application_form_for_kks_ta.pdf,
phone,pass,Published phone: 0000000386 ,https://www.compensation.gov.lk/images/2019/application_form_for_kks_ta.pdf,
phone,pass,Published phone: 0000000154 ,https://www.compensation.gov.lk/images/2019/application_form_for_kks_ta.pdf,
phone,pass,Published phone: 0000000451 ,https://www.compensation.gov.lk/images/2019/application_form_for_kks_ta.pdf,
phone,pass,Published phone: 0000000380 ,https://www.compensation.gov.lk/images/2019/application_form_for_kks_ta.pdf,
phone,pass,Published phone: 0000000226 ,https://www.compensation.gov.lk/images/2019/application_form_for_kks_ta.pdf,
phone,pass,Published phone: 0000000569 ,https://www.compensation.gov.lk/images/2019/application_form_for_kks_ta.pdf,
phone,pass,Published phone: 0000000484 ,https://www.compensation.gov.lk/images/2019/application_form_for_kks_ta.pdf,
phone,pass,Published phone: 0000000297 ,https://www.compensation.gov.lk/images/2019/application_form_for_kks_ta.pdf,
phone,pass,Published phone: 0000000415 ,https://www.compensation.gov.lk/images/2019/application_form_for_kks_ta.pdf,
phone,pass,Published phone: 0 612 1070 74,https://www.compensation.gov.lk/images/2019/application_form_for_kks_ta.pdf,
phone,pass,Published phone: 0000000303 ,https://www.compensation.gov.lk/images/2019/application_form_for_kks_ta.pdf,
phone,pass,Published phone: 0000000534 ,https://www.compensation.gov.lk/images/2019/application_form_for_kks_ta.pdf,
phone,pass,Published phone: 0000000126 ,https://www.compensation.gov.lk/images/2019/application_form_for_kks_ta.pdf,
phone,pass,Published phone: 0000000401 ,https://www.compensation.gov.lk/images/2019/application_form_for_kks_ta.pdf,
phone,pass,Published phone: 0000000108 ,https://www.compensation.gov.lk/images/2019/application_form_for_kks_ta.pdf,
phone,pass,Published phone: 0000000276 ,https://www.compensation.gov.lk/images/2019/application_form_for_kks_ta.pdf,
phone,pass,Published phone: 0000000124 ,https://www.compensation.gov.lk/images/2019/application_form_for_kks_ta.pdf,
phone,pass,Published phone: 0 0 0 0 0 0 0 252,https://www.compensation.gov.lk/images/2019/application_form_for_kks_ta.pdf,
phone,pass,Published phone: 0000000541 ,https://www.compensation.gov.lk/images/2019/application_form_for_kks_ta.pdf,
phone,pass,Published phone: 0000000437 ,https://www.compensation.gov.lk/images/2019/application_form_for_kks_ta.pdf,
phone,pass,Published phone: 0000000250 ,https://www.compensation.gov.lk/images/2019/application_form_for_kks_ta.pdf,
phone,pass,Published phone: 0 610 000000,https://www.compensation.gov.lk/images/2019/application_form_for_kks_ta.pdf,
phone,pass,Published phone: 0000000353 ,https://www.compensation.gov.lk/images/2019/application_form_for_kks_ta.pdf,
phone,pass,Published phone: 0000000515 ,https://www.compensation.gov.lk/images/2019/application_form_for_kks_ta.pdf,
phone,pass,Published phone: 0000000120 ,https://www.compensation.gov.lk/images/2019/application_form_for_kks_ta.pdf,
phone,pass,Published phone: 0000000402 ,https://www.compensation.gov.lk/images/2019/application_form_for_kks_ta.pdf,
phone,pass,Published phone: 0000000300 ,https://www.compensation.gov.lk/images/2019/application_form_for_kks_ta.pdf,
phone,pass,Published phone: 0000000245 ,https://www.compensation.gov.lk/images/2019/application_form_for_kks_ta.pdf,
phone,pass,Published phone: 0000000324 ,https://www.compensation.gov.lk/images/2019/application_form_for_kks_ta.pdf,
phone,pass,Published phone: 0000000078 ,https://www.compensation.gov.lk/images/2019/application_form_for_kks_ta.pdf,
phone,pass,Published phone: 0000000518 ,https://www.compensation.gov.lk/images/2019/application_form_for_kks_ta.pdf,
phone,pass,Published phone: 0000005510 ,https://www.compensation.gov.lk/images/2019/application_form_for_kks_ta.pdf,
phone,pass,Published phone: 0000000332 ,https://www.compensation.gov.lk/images/2019/application_form_for_kks_ta.pdf,
phone,pass,Published phone: 0000527631 ,https://www.compensation.gov.lk/images/2019/application_form_for_kks_ta.pdf,
phone,pass,Published phone: 0000353523 ,https://www.compensation.gov.lk/images/2019/application_form_for_kks_ta.pdf,
phone,pass,Published phone: 0000000283 ,https://www.compensation.gov.lk/images/2019/application_form_for_kks_ta.pdf,
phone,pass,Published phone: 0000000157 ,https://www.compensation.gov.lk/images/2019/application_form_for_kks_ta.pdf,
phone,pass,Published phone: 0000000165 ,https://www.compensation.gov.lk/images/2019/application_form_for_kks_ta.pdf,
phone,pass,Published phone: 0000000442 ,https://www.compensation.gov.lk/images/2019/application_form_for_kks_ta.pdf,
phone,pass,Published phone: 0000000275 ,https://www.compensation.gov.lk/images/2019/application_form_for_kks_ta.pdf,
phone,pass,Published phone: 0000000565 ,https://www.compensation.gov.lk/images/2019/application_form_for_kks_ta.pdf,
phone,pass,Published phone: 0000000342 ,https://www.compensation.gov.lk/images/2019/application_form_for_kks_ta.pdf,
phone,pass,Published phone: 0000000368 ,https://www.compensation.gov.lk/images/2019/application_form_for_kks_ta.pdf,
phone,pass,Published phone: 0000000243 ,https://www.compensation.gov.lk/images/2019/application_form_for_kks_ta.pdf,
phone,pass,Published phone: 0000000077 ,https://www.compensation.gov.lk/images/2019/application_form_for_kks_ta.pdf,
phone,pass,Published phone: 0000000217 ,https://www.compensation.gov.lk/images/2019/application_form_for_kks_ta.pdf,
phone,pass,Published phone: 0000000392 ,https://www.compensation.gov.lk/images/2019/application_form_for_kks_ta.pdf,
phone,pass,Published phone: 0000000319 ,https://www.compensation.gov.lk/images/2019/application_form_for_kks_ta.pdf,
phone,pass,Published phone: 0000000411 ,https://www.compensation.gov.lk/images/2019/application_form_for_kks_ta.pdf,
phone,pass,Published phone: 0000000406 ,https://www.compensation.gov.lk/images/2019/application_form_for_kks_ta.pdf,
phone,pass,Published phone: 0000000547 ,https://www.compensation.gov.lk/images/2019/application_form_for_kks_ta.pdf,
phone,pass,Published phone: 0 210 0 0 0 0 0 0 ,https://www.compensation.gov.lk/images/2019/application_form_for_kks_ta.pdf,
phone,pass,Published phone: 0000000161 ,https://www.compensation.gov.lk/images/2019/application_form_for_kks_ta.pdf,
phone,pass,Published phone: 0000018398 ,https://www.compensation.gov.lk/images/2019/application_form_for_kks_ta.pdf,
phone,pass,Published phone: 0000000358 ,https://www.compensation.gov.lk/images/2019/application_form_for_kks_ta.pdf,
phone,pass,Published phone: 0000000356 ,https://www.compensation.gov.lk/images/2019/application_form_for_kks_ta.pdf,
phone,pass,Published phone: 0000000526 ,https://www.compensation.gov.lk/images/2019/application_form_for_kks_ta.pdf,
phone,pass,Published phone: 0000000503 ,https://www.compensation.gov.lk/images/2019/application_form_for_kks_ta.pdf,
phone,pass,Published phone: 0000527675 ,https://www.compensation.gov.lk/images/2019/application_form_for_kks_ta.pdf,
phone,pass,Published phone: 0000000119 ,https://www.compensation.gov.lk/images/2019/application_form_for_kks_ta.pdf,
phone,pass,Published phone: 0000000471 ,https://www.compensation.gov.lk/images/2019/application_form_for_kks_ta.pdf,
phone,pass,Published phone: 0000000570 ,https://www.compensation.gov.lk/images/2019/application_form_for_kks_ta.pdf,
phone,pass,Published phone: 0000000197 ,https://www.compensation.gov.lk/images/2019/application_form_for_kks_ta.pdf,
phone,pass,Published phone: 0000000461 ,https://www.compensation.gov.lk/images/2019/application_form_for_kks_ta.pdf,
phone,pass,Published phone: 0000000556 ,https://www.compensation.gov.lk/images/2019/application_form_for_kks_ta.pdf,
phone,pass,Published phone: 0000000341 ,https://www.compensation.gov.lk/images/2019/application_form_for_kks_ta.pdf,
phone,pass,Published phone: 0000000509 ,https://www.compensation.gov.lk/images/2019/application_form_for_kks_ta.pdf,
phone,pass,Published phone: 0000000137 ,https://www.compensation.gov.lk/images/2019/application_form_for_kks_ta.pdf,
phone,pass,Published phone: 0000000099 ,https://www.compensation.gov.lk/images/2019/application_form_for_kks_ta.pdf,
phone,pass,Published phone: 0000000019 ,https://www.compensation.gov.lk/images/2019/notice_for_kks_si.pdf,
phone,pass,Published phone: 0 34 0000000,https://www.compensation.gov.lk/images/2019/notice_for_kks_si.pdf,
phone,pass,Published phone: 0000046517 ,https://www.compensation.gov.lk/images/2019/notice_for_kks_si.pdf,
phone,pass,Published phone: 0000030074 ,https://www.compensation.gov.lk/images/2019/notice_for_kks_si.pdf,
phone,pass,Published phone: 0000035171 ,https://www.compensation.gov.lk/images/2019/notice_for_kks_si.pdf,
phone,pass,Published phone: 0000034461 ,https://www.compensation.gov.lk/images/2019/notice_for_kks_si.pdf,
phone,pass,Published phone: 0000030592 ,https://www.compensation.gov.lk/images/2019/notice_for_kks_si.pdf,
phone,pass,Published phone: 0000035007 ,https://www.compensation.gov.lk/images/2019/notice_for_kks_si.pdf,
phone,pass,Published phone: 0000047009 ,https://www.compensation.gov.lk/images/2019/notice_for_kks_si.pdf,
phone,pass,Published phone: 0000009475 ,https://www.compensation.gov.lk/images/2019/notice_for_kks_si.pdf,
phone,pass,Published phone: 0000002474 ,https://www.compensation.gov.lk/images/2019/notice_for_kks_si.pdf,
phone,pass,Published phone: 0000029152 ,https://www.compensation.gov.lk/images/2019/notice_for_kks_si.pdf,
phone,pass,Published phone: 0000036630 ,https://www.compensation.gov.lk/images/2019/notice_for_kks_si.pdf,
phone,pass,Published phone: 0000045656 ,https://www.compensation.gov.lk/images/2019/notice_for_kks_si.pdf,
phone,pass,Published phone: 0000046813 ,https://www.compensation.gov.lk/images/2019/notice_for_kks_si.pdf,
phone,pass,Published phone: 0000009312 ,https://www.compensation.gov.lk/images/2019/notice_for_kks_si.pdf,
phone,pass,Published phone: 0000034674 ,https://www.compensation.gov.lk/images/2019/notice_for_kks_si.pdf,
phone,pass,Published phone: 0000034483 ,https://www.compensation.gov.lk/images/2019/notice_for_kks_si.pdf,
phone,pass,Published phone: 0000046912 ,https://www.compensation.gov.lk/images/2019/notice_for_kks_si.pdf,
phone,pass,Published phone: 0000046644 ,https://www.compensation.gov.lk/images/2019/notice_for_kks_si.pdf,
phone,pass,Published phone: 0000046267 ,https://www.compensation.gov.lk/images/2019/notice_for_kks_si.pdf,
phone,pass,Published phone: 0000009020 ,https://www.compensation.gov.lk/images/2019/notice_for_kks_si.pdf,
phone,pass,Published phone: 0000002453 ,https://www.compensation.gov.lk/images/2019/notice_for_kks_si.pdf,
phone,pass,Published phone: 0000036823 ,https://www.compensation.gov.lk/images/2019/notice_for_kks_si.pdf,
phone,pass,Published phone: 0000029362 ,https://www.compensation.gov.lk/images/2019/notice_for_kks_si.pdf,
phone,pass,Published phone: 0000037114 ,https://www.compensation.gov.lk/images/2019/notice_for_kks_si.pdf,
phone,pass,Published phone: 0000008822 ,https://www.compensation.gov.lk/images/2019/notice_for_kks_si.pdf,
phone,pass,Published phone: 0000045678 ,https://www.compensation.gov.lk/images/2019/notice_for_kks_si.pdf,
phone,pass,Published phone: 0000045873 ,https://www.compensation.gov.lk/images/2019/notice_for_kks_si.pdf,
phone,pass,Published phone: 0000008801 ,https://www.compensation.gov.lk/images/2019/notice_for_kks_si.pdf,
phone,pass,Published phone: 0000037276 ,https://www.compensation.gov.lk/images/2019/notice_for_kks_si.pdf,
phone,pass,Published phone: 0000046589 ,https://www.compensation.gov.lk/images/2019/notice_for_kks_si.pdf,
phone,pass,Published phone: 0000029175 ,https://www.compensation.gov.lk/images/2019/notice_for_kks_si.pdf,
phone,pass,Published phone: 0000036608 ,https://www.compensation.gov.lk/images/2019/notice_for_kks_si.pdf,
phone,pass,Published phone: 0190807163,https://www.compensation.gov.lk/images/2019/notice_for_kks_si.pdf,
phone,pass,Published phone: 0000000019 ,https://www.compensation.gov.lk/images/2019/notice_for_kks_ta.pdf,
phone,pass,Published phone: 0000014800 ,https://www.compensation.gov.lk/images/2019/notice_for_kks_ta.pdf,
phone,pass,Published phone: 0000029245 ,https://www.compensation.gov.lk/images/2019/notice_for_kks_ta.pdf,
phone,pass,Published phone: 0000031972 ,https://www.compensation.gov.lk/images/2019/notice_for_kks_ta.pdf,
phone,pass,Published phone: 0000038917 ,https://www.compensation.gov.lk/images/2019/notice_for_kks_ta.pdf,
phone,pass,Published phone: 0000020439 ,https://www.compensation.gov.lk/images/2019/notice_for_kks_ta.pdf,
phone,pass,Published phone: 0000050594 ,https://www.compensation.gov.lk/images/2019/notice_for_kks_ta.pdf,
phone,pass,Published phone: 0000051692 ,https://www.compensation.gov.lk/images/2019/notice_for_kks_ta.pdf,
phone,pass,Published phone: 0000021396 ,https://www.compensation.gov.lk/images/2019/notice_for_kks_ta.pdf,
phone,pass,Published phone: 0000014231 ,https://www.compensation.gov.lk/images/2019/notice_for_kks_ta.pdf,
phone,pass,Published phone: 0000039087 ,https://www.compensation.gov.lk/images/2019/notice_for_kks_ta.pdf,
phone,pass,Published phone: 0000029267 ,https://www.compensation.gov.lk/images/2019/notice_for_kks_ta.pdf,
phone,pass,Published phone: 0000021091 ,https://www.compensation.gov.lk/images/2019/notice_for_kks_ta.pdf,
phone,pass,Published phone: 0000002695 ,https://www.compensation.gov.lk/images/2019/notice_for_kks_ta.pdf,
phone,pass,Published phone: 0000050818 ,https://www.compensation.gov.lk/images/2019/notice_for_kks_ta.pdf,
phone,pass,Published phone: 0000051523 ,https://www.compensation.gov.lk/images/2019/notice_for_kks_ta.pdf,
phone,pass,Published phone: 0000020417 ,https://www.compensation.gov.lk/images/2019/notice_for_kks_ta.pdf,
phone,pass,Published phone: 0000031524 ,https://www.compensation.gov.lk/images/2019/notice_for_kks_ta.pdf,
phone,pass,Published phone: 0000031815 ,https://www.compensation.gov.lk/images/2019/notice_for_kks_ta.pdf,
phone,pass,Published phone: 0000030049 ,https://www.compensation.gov.lk/images/2019/notice_for_kks_ta.pdf,
phone,pass,Published phone: 0000050617 ,https://www.compensation.gov.lk/images/2019/notice_for_kks_ta.pdf,
phone,pass,Published phone: 0000029827 ,https://www.compensation.gov.lk/images/2019/notice_for_kks_ta.pdf,
phone,pass,Published phone: 0000031315 ,https://www.compensation.gov.lk/images/2019/notice_for_kks_ta.pdf,
phone,pass,Published phone: 0000014023 ,https://www.compensation.gov.lk/images/2019/notice_for_kks_ta.pdf,
phone,pass,Published phone: 0000029462 ,https://www.compensation.gov.lk/images/2019/notice_for_kks_ta.pdf,
phone,pass,Published phone: 0000002716 ,https://www.compensation.gov.lk/images/2019/notice_for_kks_ta.pdf,
phone,pass,Published phone: 0000020632 ,https://www.compensation.gov.lk/images/2019/notice_for_kks_ta.pdf,
phone,pass,Published phone: 0000014045 ,https://www.compensation.gov.lk/images/2019/notice_for_kks_ta.pdf,
phone,pass,Published phone: 0000015207 ,https://www.compensation.gov.lk/images/2019/notice_for_kks_ta.pdf,
phone,pass,Published phone: 0000031337 ,https://www.compensation.gov.lk/images/2019/notice_for_kks_ta.pdf,
phone,pass,Published phone: 0 39 0000000,https://www.compensation.gov.lk/images/2019/notice_for_kks_ta.pdf,
phone,pass,Published phone: 0000051888 ,https://www.compensation.gov.lk/images/2019/notice_for_kks_ta.pdf,
phone,pass,Published phone: 0000038420 ,https://www.compensation.gov.lk/images/2019/notice_for_kks_ta.pdf,
phone,pass,Published phone: 0000051386 ,https://www.compensation.gov.lk/images/2019/notice_for_kks_ta.pdf,
phone,pass,Published phone: 0000051791 ,https://www.compensation.gov.lk/images/2019/notice_for_kks_ta.pdf,
phone,pass,Published phone: 0000038620 ,https://www.compensation.gov.lk/images/2019/notice_for_kks_ta.pdf,
phone,pass,Published phone: 0000051169 ,https://www.compensation.gov.lk/images/2019/notice_for_kks_ta.pdf,
phone,pass,Published phone: 0000051468 ,https://www.compensation.gov.lk/images/2019/notice_for_kks_ta.pdf,
phone,pass,Published phone: 0190807163,https://www.compensation.gov.lk/images/2019/notice_for_kks_ta.pdf,
phone,pass,Published phone: 0000038398 ,https://www.compensation.gov.lk/images/2019/notice_for_kks_ta.pdf,
phone,pass,Published phone: 0000000019 ,https://www.compensation.gov.lk/images/2019/notice_for_kks_en.pdf,
phone,pass,Published phone: 0000030963 ,https://www.compensation.gov.lk/images/2019/notice_for_kks_en.pdf,
phone,pass,Published phone: 0000014143 ,https://www.compensation.gov.lk/images/2019/notice_for_kks_en.pdf,
phone,pass,Published phone: 0000014165 ,https://www.compensation.gov.lk/images/2019/notice_for_kks_en.pdf,
phone,pass,Published phone: 0000002266 ,https://www.compensation.gov.lk/images/2019/notice_for_kks_en.pdf,
phone,pass,Published phone: 0000002287 ,https://www.compensation.gov.lk/images/2019/notice_for_kks_en.pdf,
phone,pass,Published phone: 0000030866 ,https://www.compensation.gov.lk/images/2019/notice_for_kks_en.pdf,
phone,pass,Published phone: 0000029659 ,https://www.compensation.gov.lk/images/2019/notice_for_kks_en.pdf,
phone,pass,Published phone: 0000031132 ,https://www.compensation.gov.lk/images/2019/notice_for_kks_en.pdf,
phone,pass,Published phone: 0000030456 ,https://www.compensation.gov.lk/images/2019/notice_for_kks_en.pdf,
phone,pass,Published phone: 0000031231 ,https://www.compensation.gov.lk/images/2019/notice_for_kks_en.pdf,
phone,pass,Published phone: 0000015171 ,https://www.compensation.gov.lk/images/2019/notice_for_kks_en.pdf,
phone,pass,Published phone: 0000031328 ,https://www.compensation.gov.lk/images/2019/notice_for_kks_en.pdf,
phone,pass,Published phone: 0000030908 ,https://www.compensation.gov.lk/images/2019/notice_for_kks_en.pdf,
phone,pass,Published phone: 0000014844 ,https://www.compensation.gov.lk/images/2019/notice_for_kks_en.pdf,
phone,pass,Published phone: 0000029877 ,https://www.compensation.gov.lk/images/2019/notice_for_kks_en.pdf,
phone,pass,Published phone: 0 19 0000000,https://www.compensation.gov.lk/images/2019/notice_for_kks_en.pdf,
phone,pass,Published phone: 0000014363 ,https://www.compensation.gov.lk/images/2019/notice_for_kks_en.pdf,
phone,pass,Published phone: 0000029682 ,https://www.compensation.gov.lk/images/2019/notice_for_kks_en.pdf,
phone,pass,Published phone: 0190807163,https://www.compensation.gov.lk/images/2019/notice_for_kks_en.pdf,
phone,pass,Published phone: 0000000382 ,http://www.compensation.gov.lk/images/2019/application_form_for_kks_ta.pdf,
phone,pass,Published phone: 0000000352 ,http://www.compensation.gov.lk/images/2019/application_form_for_kks_ta.pdf,
phone,pass,Published phone: 0000000104 ,http://www.compensation.gov.lk/images/2019/application_form_for_kks_ta.pdf,
phone,pass,Published phone: 0000000552 ,http://www.compensation.gov.lk/images/2019/application_form_for_kks_ta.pdf,
phone,pass,Published phone: 0000000416 ,http://www.compensation.gov.lk/images/2019/application_form_for_kks_ta.pdf,
phone,pass,Published phone: 0000000170 ,http://www.compensation.gov.lk/images/2019/application_form_for_kks_ta.pdf,
phone,pass,Published phone: 0000000457 ,http://www.compensation.gov.lk/images/2019/application_form_for_kks_ta.pdf,
phone,pass,Published phone: 0000000153 ,http://www.compensation.gov.lk/images/2019/application_form_for_kks_ta.pdf,
phone,pass,Published phone: 0000008281 ,http://www.compensation.gov.lk/images/2019/application_form_for_kks_ta.pdf,
phone,pass,Published phone: 0000330306 ,http://www.compensation.gov.lk/images/2019/application_form_for_kks_ta.pdf,
phone,pass,Published phone: 0000342737 ,http://www.compensation.gov.lk/images/2019/application_form_for_kks_ta.pdf,
phone,pass,Published phone: 0000000469 ,http://www.compensation.gov.lk/images/2019/application_form_for_kks_ta.pdf,
phone,pass,Published phone: 0000000492 ,http://www.compensation.gov.lk/images/2019/application_form_for_kks_ta.pdf,
phone,pass,Published phone: 0 0 0 252 0 507 ,http://www.compensation.gov.lk/images/2019/application_form_for_kks_ta.pdf,
phone,pass,Published phone: 0000000079 ,http://www.compensation.gov.lk/images/2019/application_form_for_kks_ta.pdf,
phone,pass,Published phone: 00 755 421 57,http://www.compensation.gov.lk/images/2019/application_form_for_kks_ta.pdf,
phone,pass,Published phone: 0000007177 ,http://www.compensation.gov.lk/images/2019/application_form_for_kks_ta.pdf,
phone,pass,Published phone: 0000000242 ,http://www.compensation.gov.lk/images/2019/application_form_for_kks_ta.pdf,
phone,pass,Published phone: 0000000155 ,http://www.compensation.gov.lk/images/2019/application_form_for_kks_ta.pdf,
phone,pass,Published phone: 0000000458 ,http://www.compensation.gov.lk/images/2019/application_form_for_kks_ta.pdf,
phone,pass,Published phone: 0000000409 ,http://www.compensation.gov.lk/images/2019/application_form_for_kks_ta.pdf,
phone,pass,Published phone: 0000000438 ,http://www.compensation.gov.lk/images/2019/application_form_for_kks_ta.pdf,
phone,pass,Published phone: 0000000166 ,http://www.compensation.gov.lk/images/2019/application_form_for_kks_ta.pdf,
phone,pass,Published phone: 0000000378 ,http://www.compensation.gov.lk/images/2019/application_form_for_kks_ta.pdf,
phone,pass,Published phone: 0000000144 ,http://www.compensation.gov.lk/images/2019/application_form_for_kks_ta.pdf,
phone,pass,Published phone: 0 0 0 278 0 556 ,http://www.compensation.gov.lk/images/2019/application_form_for_kks_ta.pdf,
phone,pass,Published phone: 0000000460 ,http://www.compensation.gov.lk/images/2019/application_form_for_kks_ta.pdf,
phone,pass,Published phone: 0000000435 ,http://www.compensation.gov.lk/images/2019/application_form_for_kks_ta.pdf,
phone,pass,Published phone: 0000000330 ,http://www.compensation.gov.lk/images/2019/application_form_for_kks_ta.pdf,
phone,pass,Published phone: 0000000090 ,http://www.compensation.gov.lk/images/2019/application_form_for_kks_ta.pdf,
phone,pass,Published phone: 0000000203 ,http://www.compensation.gov.lk/images/2019/application_form_for_kks_ta.pdf,
phone,pass,Published phone: 0000000336 ,http://www.compensation.gov.lk/images/2019/application_form_for_kks_ta.pdf,
phone,pass,Published phone: 0000000092 ,http://www.compensation.gov.lk/images/2019/application_form_for_kks_ta.pdf,
phone,pass,Published phone: 0000000424 ,http://www.compensation.gov.lk/images/2019/application_form_for_kks_ta.pdf,
phone,pass,Published phone: 0000353822 ,http://www.compensation.gov.lk/images/2019/application_form_for_kks_ta.pdf,
phone,pass,Published phone: 0000008923 ,http://www.compensation.gov.lk/images/2019/application_form_for_kks_ta.pdf,
phone,pass,Published phone: 0000000202 ,http://www.compensation.gov.lk/images/2019/application_form_for_kks_ta.pdf,
phone,pass,Published phone: 0000000256 ,http://www.compensation.gov.lk/images/2019/application_form_for_kks_ta.pdf,
phone,pass,Published phone: 0000000537 ,http://www.compensation.gov.lk/images/2019/application_form_for_kks_ta.pdf,
phone,pass,Published phone: 0000007380 ,http://www.compensation.gov.lk/images/2019/application_form_for_kks_ta.pdf,
phone,pass,Published phone: 0000000193 ,http://www.compensation.gov.lk/images/2019/application_form_for_kks_ta.pdf,
phone,pass,Published phone: 0000423764 ,http://www.compensation.gov.lk/images/2019/application_form_for_kks_ta.pdf,
phone,pass,Published phone: 0000000476 ,http://www.compensation.gov.lk/images/2019/application_form_for_kks_ta.pdf,
phone,pass,Published phone: 0000007879 ,http://www.compensation.gov.lk/images/2019/application_form_for_kks_ta.pdf,
phone,pass,Published phone: 0000000215 ,http://www.compensation.gov.lk/images/2019/application_form_for_kks_ta.pdf,
phone,pass,Published phone: 0000000344 ,http://www.compensation.gov.lk/images/2019/application_form_for_kks_ta.pdf,
phone,pass,Published phone: 0000000412 ,http://www.compensation.gov.lk/images/2019/application_form_for_kks_ta.pdf,
phone,pass,Published phone: 0000000218 ,http://www.compensation.gov.lk/images/2019/application_form_for_kks_ta.pdf,
phone,pass,Published phone: 0000000284 ,http://www.compensation.gov.lk/images/2019/application_form_for_kks_ta.pdf,
phone,pass,Published phone: 0000000271 ,http://www.compensation.gov.lk/images/2019/application_form_for_kks_ta.pdf,
phone,pass,Published phone: 0000000360 ,http://www.compensation.gov.lk/images/2019/application_form_for_kks_ta.pdf,
phone,pass,Published phone: 0000000519 ,http://www.compensation.gov.lk/images/2019/application_form_for_kks_ta.pdf,
phone,pass,Published phone: 0000342422 ,http://www.compensation.gov.lk/images/2019/application_form_for_kks_ta.pdf,
phone,pass,Published phone: 0000000128 ,http://www.compensation.gov.lk/images/2019/application_form_for_kks_ta.pdf,
phone,pass,Published phone: 0000000150 ,http://www.compensation.gov.lk/images/2019/application_form_for_kks_ta.pdf,
phone,pass,Published phone: 0000000086 ,http://www.compensation.gov.lk/images/2019/application_form_for_kks_ta.pdf,
phone,pass,Published phone: 0000000131 ,http://www.compensation.gov.lk/images/2019/application_form_for_kks_ta.pdf,
phone,pass,Published phone: 0000000513 ,http://www.compensation.gov.lk/images/2019/application_form_for_kks_ta.pdf,
phone,pass,Published phone: 0000000213 ,http://www.compensation.gov.lk/images/2019/application_form_for_kks_ta.pdf,
phone,pass,Published phone: 0000000259 ,http://www.compensation.gov.lk/images/2019/application_form_for_kks_ta.pdf,
phone,pass,Published phone: 0000018368 ,http://www.compensation.gov.lk/images/2019/application_form_for_kks_ta.pdf,
phone,pass,Published phone: 0000000478 ,http://www.compensation.gov.lk/images/2019/application_form_for_kks_ta.pdf,
phone,pass,Published phone: 0000000265 ,http://www.compensation.gov.lk/images/2019/application_form_for_kks_ta.pdf,
phone,pass,Published phone: 0000000433 ,http://www.compensation.gov.lk/images/2019/application_form_for_kks_ta.pdf,
phone,pass,Published phone: 07 0 0 0 0 0 0 0 0 ,http://www.compensation.gov.lk/images/2019/application_form_for_kks_ta.pdf,
phone,pass,Published phone: 0000000496 ,http://www.compensation.gov.lk/images/2019/application_form_for_kks_ta.pdf,
phone,pass,Published phone: 0000007032 ,http://www.compensation.gov.lk/images/2019/application_form_for_kks_ta.pdf,
phone,pass,Published phone: 0000010700 ,http://www.compensation.gov.lk/images/2019/application_form_for_kks_ta.pdf,
phone,pass,Published phone: 0000000449 ,http://www.compensation.gov.lk/images/2019/application_form_for_kks_ta.pdf,
phone,pass,Published phone: 0000000530 ,http://www.compensation.gov.lk/images/2019/application_form_for_kks_ta.pdf,
phone,pass,Published phone: 0000342362 ,http://www.compensation.gov.lk/images/2019/application_form_for_kks_ta.pdf,
phone,pass,Published phone: 0000000248 ,http://www.compensation.gov.lk/images/2019/application_form_for_kks_ta.pdf,
phone,pass,Published phone: 0000000320 ,http://www.compensation.gov.lk/images/2019/application_form_for_kks_ta.pdf,
phone,pass,Published phone: 0000000551 ,http://www.compensation.gov.lk/images/2019/application_form_for_kks_ta.pdf,
phone,pass,Published phone: 0000000073 ,http://www.compensation.gov.lk/images/2019/application_form_for_kks_ta.pdf,
phone,pass,Published phone: 0 0 0 841 899 0 ,http://www.compensation.gov.lk/images/2019/application_form_for_kks_ta.pdf,
phone,pass,Published phone: 0000000222 ,http://www.compensation.gov.lk/images/2019/application_form_for_kks_ta.pdf,
phone,pass,Published phone: 0000000350 ,http://www.compensation.gov.lk/images/2019/application_form_for_kks_ta.pdf,
phone,pass,Published phone: 0000000524 ,http://www.compensation.gov.lk/images/2019/application_form_for_kks_ta.pdf,
phone,pass,Published phone: 0000000206 ,http://www.compensation.gov.lk/images/2019/application_form_for_kks_ta.pdf,
phone,pass,Published phone: 0000000475 ,http://www.compensation.gov.lk/images/2019/application_form_for_kks_ta.pdf,
phone,pass,Published phone: 0000000346 ,http://www.compensation.gov.lk/images/2019/application_form_for_kks_ta.pdf,
phone,pass,Published phone: 0000000493 ,http://www.compensation.gov.lk/images/2019/application_form_for_kks_ta.pdf,
phone,pass,Published phone: 0000008690 ,http://www.compensation.gov.lk/images/2019/application_form_for_kks_ta.pdf,
phone,pass,Published phone: 0000000502 ,http://www.compensation.gov.lk/images/2019/application_form_for_kks_ta.pdf,
phone,pass,Published phone: 0000008529 ,http://www.compensation.gov.lk/images/2019/application_form_for_kks_ta.pdf,
phone,pass,Published phone: 0000000495 ,http://www.compensation.gov.lk/images/2019/application_form_for_kks_ta.pdf,
phone,pass,Published phone: 0000000113 ,http://www.compensation.gov.lk/images/2019/application_form_for_kks_ta.pdf,
phone,pass,Published phone: 0000000423 ,http://www.compensation.gov.lk/images/2019/application_form_for_kks_ta.pdf,
phone,pass,Published phone: 0000000241 ,http://www.compensation.gov.lk/images/2019/application_form_for_kks_ta.pdf,
phone,pass,Published phone: 0000255249 ,http://www.compensation.gov.lk/images/2019/application_form_for_kks_ta.pdf,
phone,pass,Published phone: 0000000328 ,http://www.compensation.gov.lk/images/2019/application_form_for_kks_ta.pdf,
phone,pass,Published phone: 0 0 0 0 0 201 1 0 ,http://www.compensation.gov.lk/images/2019/application_form_for_kks_ta.pdf,
phone,pass,Published phone: 0000000205 ,http://www.compensation.gov.lk/images/2019/application_form_for_kks_ta.pdf,
phone,pass,Published phone: 0000000264 ,http://www.compensation.gov.lk/images/2019/application_form_for_kks_ta.pdf,
phone,pass,Published phone: 0000000251 ,http://www.compensation.gov.lk/images/2019/application_form_for_kks_ta.pdf,
phone,pass,Published phone: 0000000123 ,http://www.compensation.gov.lk/images/2019/application_form_for_kks_ta.pdf,
phone,pass,Published phone: 0000000296 ,http://www.compensation.gov.lk/images/2019/application_form_for_kks_ta.pdf,
phone,pass,Published phone: 0000000140 ,http://www.compensation.gov.lk/images/2019/application_form_for_kks_ta.pdf,
phone,pass,Published phone: 0000000312 ,http://www.compensation.gov.lk/images/2019/application_form_for_kks_ta.pdf,
phone,pass,Published phone: 0000000373 ,http://www.compensation.gov.lk/images/2019/application_form_for_kks_ta.pdf,
phone,pass,Published phone: 0000000414 ,http://www.compensation.gov.lk/images/2019/application_form_for_kks_ta.pdf,
phone,pass,Published phone: 0000000514 ,http://www.compensation.gov.lk/images/2019/application_form_for_kks_ta.pdf,
phone,pass,Published phone: 0000000180 ,http://www.compensation.gov.lk/images/2019/application_form_for_kks_ta.pdf,
phone,pass,Published phone: 0000000506 ,http://www.compensation.gov.lk/images/2019/application_form_for_kks_ta.pdf,
phone,pass,Published phone: 0000000163 ,http://www.compensation.gov.lk/images/2019/application_form_for_kks_ta.pdf,
phone,pass,Published phone: 0000000237 ,http://www.compensation.gov.lk/images/2019/application_form_for_kks_ta.pdf,
phone,pass,Published phone: 0000353495 ,http://www.compensation.gov.lk/images/2019/application_form_for_kks_ta.pdf,
phone,pass,Published phone: 0 719 612 102,http://www.compensation.gov.lk/images/2019/application_form_for_kks_ta.pdf,
phone,pass,Published phone: 0000000311 ,http://www.compensation.gov.lk/images/2019/application_form_for_kks_ta.pdf,
phone,pass,Published phone: 0000000333 ,http://www.compensation.gov.lk/images/2019/application_form_for_kks_ta.pdf,
phone,pass,Published phone: 0000000103 ,http://www.compensation.gov.lk/images/2019/application_form_for_kks_ta.pdf,
phone,pass,Published phone: 0000000083 ,http://www.compensation.gov.lk/images/2019/application_form_for_kks_ta.pdf,
phone,pass,Published phone: 0000000216 ,http://www.compensation.gov.lk/images/2019/application_form_for_kks_ta.pdf,
phone,pass,Published phone: 0000000430 ,http://www.compensation.gov.lk/images/2019/application_form_for_kks_ta.pdf,
phone,pass,Published phone: 0000000367 ,http://www.compensation.gov.lk/images/2019/application_form_for_kks_ta.pdf,
phone,pass,Published phone: 0000000138 ,http://www.compensation.gov.lk/images/2019/application_form_for_kks_ta.pdf,
phone,pass,Published phone: 0000000196 ,http://www.compensation.gov.lk/images/2019/application_form_for_kks_ta.pdf,
phone,pass,Published phone: 0000000545 ,http://www.compensation.gov.lk/images/2019/application_form_for_kks_ta.pdf,
phone,pass,Published phone: 0000000325 ,http://www.compensation.gov.lk/images/2019/application_form_for_kks_ta.pdf,
phone,pass,Published phone: 0000000539 ,http://www.compensation.gov.lk/images/2019/application_form_for_kks_ta.pdf,
phone,pass,Published phone: 0000000084 ,http://www.compensation.gov.lk/images/2019/application_form_for_kks_ta.pdf,
phone,pass,Published phone: 0000000508 ,http://www.compensation.gov.lk/images/2019/application_form_for_kks_ta.pdf,
phone,pass,Published phone: 0 549 412 825 ,http://www.compensation.gov.lk/images/2019/application_form_for_kks_ta.pdf,
phone,pass,Published phone: 0000000089 ,http://www.compensation.gov.lk/images/2019/application_form_for_kks_ta.pdf,
phone,pass,Published phone: 0000009589 ,http://www.compensation.gov.lk/images/2019/application_form_for_kks_ta.pdf,
phone,pass,Published phone: 0000000459 ,http://www.compensation.gov.lk/images/2019/application_form_for_kks_ta.pdf,
phone,pass,Published phone: 0000012157 ,http://www.compensation.gov.lk/images/2019/application_form_for_kks_ta.pdf,
phone,pass,Published phone: 0000000477 ,http://www.compensation.gov.lk/images/2019/application_form_for_kks_ta.pdf,
phone,pass,Published phone: 0000000391 ,http://www.compensation.gov.lk/images/2019/application_form_for_kks_ta.pdf,
phone,pass,Published phone: 0000000304 ,http://www.compensation.gov.lk/images/2019/application_form_for_kks_ta.pdf,
phone,pass,Published phone: 0000000075 ,http://www.compensation.gov.lk/images/2019/application_form_for_kks_ta.pdf,
phone,pass,Published phone: 0000240977 ,http://www.compensation.gov.lk/images/2019/application_form_for_kks_ta.pdf,
phone,pass,Published phone: 0000492054 ,http://www.compensation.gov.lk/images/2019/application_form_for_kks_ta.pdf,
phone,pass,Published phone: 0000012383 ,http://www.compensation.gov.lk/images/2019/application_form_for_kks_ta.pdf,
phone,pass,Published phone: 0000000366 ,http://www.compensation.gov.lk/images/2019/application_form_for_kks_ta.pdf,
phone,pass,Published phone: 0000504119 ,http://www.compensation.gov.lk/images/2019/application_form_for_kks_ta.pdf,
phone,pass,Published phone: 0000000294 ,http://www.compensation.gov.lk/images/2019/application_form_for_kks_ta.pdf,
phone,pass,Published phone: 0000000381 ,http://www.compensation.gov.lk/images/2019/application_form_for_kks_ta.pdf,
phone,pass,Published phone: 0000000485 ,http://www.compensation.gov.lk/images/2019/application_form_for_kks_ta.pdf,
phone,pass,Published phone: 0000000497 ,http://www.compensation.gov.lk/images/2019/application_form_for_kks_ta.pdf,
phone,pass,Published phone: 0000000298 ,http://www.compensation.gov.lk/images/2019/application_form_for_kks_ta.pdf,
phone,pass,Published phone: 0000000432 ,http://www.compensation.gov.lk/images/2019/application_form_for_kks_ta.pdf,
phone,pass,Published phone: 0000000114 ,http://www.compensation.gov.lk/images/2019/application_form_for_kks_ta.pdf,
phone,pass,Published phone: 0000000348 ,http://www.compensation.gov.lk/images/2019/application_form_for_kks_ta.pdf,
phone,pass,Published phone: 0000000559 ,http://www.compensation.gov.lk/images/2019/application_form_for_kks_ta.pdf,
phone,pass,Published phone: 0000000395 ,http://www.compensation.gov.lk/images/2019/application_form_for_kks_ta.pdf,
phone,pass,Published phone: 0 0 0 0 0 0 0 0 0 0 ,http://www.compensation.gov.lk/images/2019/application_form_for_kks_ta.pdf,
phone,pass,Published phone: 0000000244 ,http://www.compensation.gov.lk/images/2019/application_form_for_kks_ta.pdf,
phone,pass,Published phone: 0000009177 ,http://www.compensation.gov.lk/images/2019/application_form_for_kks_ta.pdf,
phone,pass,Published phone: 0000000198 ,http://www.compensation.gov.lk/images/2019/application_form_for_kks_ta.pdf,
phone,pass,Published phone: 0000018640 ,http://www.compensation.gov.lk/images/2019/application_form_for_kks_ta.pdf,
phone,pass,Published phone: 0000000228 ,http://www.compensation.gov.lk/images/2019/application_form_for_kks_ta.pdf,
phone,pass,Published phone: 0000000407 ,http://www.compensation.gov.lk/images/2019/application_form_for_kks_ta.pdf,
phone,pass,Published phone: 0000000425 ,http://www.compensation.gov.lk/images/2019/application_form_for_kks_ta.pdf,
phone,pass,Published phone: 0000000390 ,http://www.compensation.gov.lk/images/2019/application_form_for_kks_ta.pdf,
phone,pass,Published phone: 0000000129 ,http://www.compensation.gov.lk/images/2019/application_form_for_kks_ta.pdf,
phone,pass,Published phone: 0000000359 ,http://www.compensation.gov.lk/images/2019/application_form_for_kks_ta.pdf,
phone,pass,Published phone: 0000005337 ,http://www.compensation.gov.lk/images/2019/application_form_for_kks_ta.pdf,
phone,pass,Published phone: 0000000017 ,http://www.compensation.gov.lk/images/2019/application_form_for_kks_ta.pdf,
phone,pass,Published phone: 0000000106 ,http://www.compensation.gov.lk/images/2019/application_form_for_kks_ta.pdf,
phone,pass,Published phone: 0000000168 ,http://www.compensation.gov.lk/images/2019/application_form_for_kks_ta.pdf,
phone,pass,Published phone: 0000000231 ,http://www.compensation.gov.lk/images/2019/application_form_for_kks_ta.pdf,
phone,pass,Published phone: 0000000384 ,http://www.compensation.gov.lk/images/2019/application_form_for_kks_ta.pdf,
phone,pass,Published phone: 0000000299 ,http://www.compensation.gov.lk/images/2019/application_form_for_kks_ta.pdf,
phone,pass,Published phone: 0000000444 ,http://www.compensation.gov.lk/images/2019/application_form_for_kks_ta.pdf,
phone,pass,Published phone: 0000000512 ,http://www.compensation.gov.lk/images/2019/application_form_for_kks_ta.pdf,
phone,pass,Published phone: 0000000171 ,http://www.compensation.gov.lk/images/2019/application_form_for_kks_ta.pdf,
phone,pass,Published phone: 0000120127 ,http://www.compensation.gov.lk/images/2019/application_form_for_kks_ta.pdf,
phone,pass,Published phone: 0000000225 ,http://www.compensation.gov.lk/images/2019/application_form_for_kks_ta.pdf,
phone,pass,Published phone: 0000000446 ,http://www.compensation.gov.lk/images/2019/application_form_for_kks_ta.pdf,
phone,pass,Published phone: 0000000305 ,http://www.compensation.gov.lk/images/2019/application_form_for_kks_ta.pdf,
phone,pass,Published phone: 0000000445 ,http://www.compensation.gov.lk/images/2019/application_form_for_kks_ta.pdf,
phone,pass,Published phone: 0000000443 ,http://www.compensation.gov.lk/images/2019/application_form_for_kks_ta.pdf,
phone,pass,Published phone: 0000000286 ,http://www.compensation.gov.lk/images/2019/application_form_for_kks_ta.pdf,
phone,pass,Published phone: 0000017694 ,http://www.compensation.gov.lk/images/2019/application_form_for_kks_ta.pdf,
phone,pass,Published phone: 0000000143 ,http://www.compensation.gov.lk/images/2019/application_form_for_kks_ta.pdf,
phone,pass,Published phone: 0000240638 ,http://www.compensation.gov.lk/images/2019/application_form_for_kks_ta.pdf,
phone,pass,Published phone: 0000000127 ,http://www.compensation.gov.lk/images/2019/application_form_for_kks_ta.pdf,
phone,pass,Published phone: 0000000289 ,http://www.compensation.gov.lk/images/2019/application_form_for_kks_ta.pdf,
phone,pass,Published phone: 0000000133 ,http://www.compensation.gov.lk/images/2019/application_form_for_kks_ta.pdf,
phone,pass,Published phone: 0000000116 ,http://www.compensation.gov.lk/images/2019/application_form_for_kks_ta.pdf,
phone,pass,Published phone: 0000000135 ,http://www.compensation.gov.lk/images/2019/application_form_for_kks_ta.pdf,
phone,pass,Published phone: 0000000313 ,http://www.compensation.gov.lk/images/2019/application_form_for_kks_ta.pdf,
phone,pass,Published phone: 0000000262 ,http://www.compensation.gov.lk/images/2019/application_form_for_kks_ta.pdf,
phone,pass,Published phone: 0000000074 ,http://www.compensation.gov.lk/images/2019/application_form_for_kks_ta.pdf,
phone,pass,Published phone: 0000000207 ,http://www.compensation.gov.lk/images/2019/application_form_for_kks_ta.pdf,
phone,pass,Published phone: 0000000279 ,http://www.compensation.gov.lk/images/2019/application_form_for_kks_ta.pdf,
phone,pass,Published phone: 0000000361 ,http://www.compensation.gov.lk/images/2019/application_form_for_kks_ta.pdf,
phone,pass,Published phone: 0 299 299 0 12,http://www.compensation.gov.lk/images/2019/application_form_for_kks_ta.pdf,
phone,pass,Published phone: 0000017802 ,http://www.compensation.gov.lk/images/2019/application_form_for_kks_ta.pdf,
phone,pass,Published phone: 0000000393 ,http://www.compensation.gov.lk/images/2019/application_form_for_kks_ta.pdf,
phone,pass,Published phone: 0000000453 ,http://www.compensation.gov.lk/images/2019/application_form_for_kks_ta.pdf,
phone,pass,Published phone: 0000000230 ,http://www.compensation.gov.lk/images/2019/application_form_for_kks_ta.pdf,
phone,pass,Published phone: 0000000535 ,http://www.compensation.gov.lk/images/2019/application_form_for_kks_ta.pdf,
phone,pass,Published phone: 0000000531 ,http://www.compensation.gov.lk/images/2019/application_form_for_kks_ta.pdf,
phone,pass,Published phone: 0000000354 ,http://www.compensation.gov.lk/images/2019/application_form_for_kks_ta.pdf,
phone,pass,Published phone: 0000000472 ,http://www.compensation.gov.lk/images/2019/application_form_for_kks_ta.pdf,
phone,pass,Published phone: 0000000229 ,http://www.compensation.gov.lk/images/2019/application_form_for_kks_ta.pdf,
phone,pass,Published phone: 0000000164 ,http://www.compensation.gov.lk/images/2019/application_form_for_kks_ta.pdf,
phone,pass,Published phone: 0000000487 ,http://www.compensation.gov.lk/images/2019/application_form_for_kks_ta.pdf,
phone,pass,Published phone: 0000000080 ,http://www.compensation.gov.lk/images/2019/application_form_for_kks_ta.pdf,
phone,pass,Published phone: 0000000281 ,http://www.compensation.gov.lk/images/2019/application_form_for_kks_ta.pdf,
phone,pass,Published phone: 0000000277 ,http://www.compensation.gov.lk/images/2019/application_form_for_kks_ta.pdf,
phone,pass,Published phone: 0000000334 ,http://www.compensation.gov.lk/images/2019/application_form_for_kks_ta.pdf,
phone,pass,Published phone: 0000006586 ,http://www.compensation.gov.lk/images/2019/application_form_for_kks_ta.pdf,
phone,pass,Published phone: 0000000447 ,http://www.compensation.gov.lk/images/2019/application_form_for_kks_ta.pdf,
phone,pass,Published phone: 0000000540 ,http://www.compensation.gov.lk/images/2019/application_form_for_kks_ta.pdf,
phone,pass,Published phone: 0000000321 ,http://www.compensation.gov.lk/images/2019/application_form_for_kks_ta.pdf,
phone,pass,Published phone: 0000000316 ,http://www.compensation.gov.lk/images/2019/application_form_for_kks_ta.pdf,
phone,pass,Published phone: 0000000331 ,http://www.compensation.gov.lk/images/2019/application_form_for_kks_ta.pdf,
phone,pass,Published phone: 0000018228 ,http://www.compensation.gov.lk/images/2019/application_form_for_kks_ta.pdf,
phone,pass,Published phone: 0000000538 ,http://www.compensation.gov.lk/images/2019/application_form_for_kks_ta.pdf,
phone,pass,Published phone: 07 507 507 50,http://www.compensation.gov.lk/images/2019/application_form_for_kks_ta.pdf,
phone,pass,Published phone: 0000000192 ,http://www.compensation.gov.lk/images/2019/application_form_for_kks_ta.pdf,
phone,pass,Published phone: 0000000550 ,http://www.compensation.gov.lk/images/2019/application_form_for_kks_ta.pdf,
phone,pass,Published phone: 0000000370 ,http://www.compensation.gov.lk/images/2019/application_form_for_kks_ta.pdf,
phone,pass,Published phone: 0000007718 ,http://www.compensation.gov.lk/images/2019/application_form_for_kks_ta.pdf,
phone,pass,Published phone: 0000000326 ,http://www.compensation.gov.lk/images/2019/application_form_for_kks_ta.pdf,
phone,pass,Published phone: 0000149428 ,http://www.compensation.gov.lk/images/2019/application_form_for_kks_ta.pdf,
phone,pass,Published phone: 0000000076 ,http://www.compensation.gov.lk/images/2019/application_form_for_kks_ta.pdf,
phone,pass,Published phone: 0000000566 ,http://www.compensation.gov.lk/images/2019/application_form_for_kks_ta.pdf,
phone,pass,Published phone: 0000007207 ,http://www.compensation.gov.lk/images/2019/application_form_for_kks_ta.pdf,
phone,pass,Published phone: 0000000549 ,http://www.compensation.gov.lk/images/2019/application_form_for_kks_ta.pdf,
phone,pass,Published phone: 0000000188 ,http://www.compensation.gov.lk/images/2019/application_form_for_kks_ta.pdf,
phone,pass,Published phone: 0000000467 ,http://www.compensation.gov.lk/images/2019/application_form_for_kks_ta.pdf,
phone,pass,Published phone: 0000000560 ,http://www.compensation.gov.lk/images/2019/application_form_for_kks_ta.pdf,
phone,pass,Published phone: 0000000236 ,http://www.compensation.gov.lk/images/2019/application_form_for_kks_ta.pdf,
phone,pass,Published phone: 0000000208 ,http://www.compensation.gov.lk/images/2019/application_form_for_kks_ta.pdf,
phone,pass,Published phone: 0000000176 ,http://www.compensation.gov.lk/images/2019/application_form_for_kks_ta.pdf,
phone,pass,Published phone: 0000000278 ,http://www.compensation.gov.lk/images/2019/application_form_for_kks_ta.pdf,
phone,pass,Published phone: 0000000351 ,http://www.compensation.gov.lk/images/2019/application_form_for_kks_ta.pdf,
phone,pass,Published phone: 0000006345 ,http://www.compensation.gov.lk/images/2019/application_form_for_kks_ta.pdf,
phone,pass,Published phone: 0000423792 ,http://www.compensation.gov.lk/images/2019/application_form_for_kks_ta.pdf,
phone,pass,Published phone: 0000000190 ,http://www.compensation.gov.lk/images/2019/application_form_for_kks_ta.pdf,
phone,pass,Published phone: 0000000420 ,http://www.compensation.gov.lk/images/2019/application_form_for_kks_ta.pdf,
phone,pass,Published phone: 0000000187 ,http://www.compensation.gov.lk/images/2019/application_form_for_kks_ta.pdf,
phone,pass,Published phone: 0000000376 ,http://www.compensation.gov.lk/images/2019/application_form_for_kks_ta.pdf,
phone,pass,Published phone: 0000000510 ,http://www.compensation.gov.lk/images/2019/application_form_for_kks_ta.pdf,
phone,pass,Published phone: 0000000288 ,http://www.compensation.gov.lk/images/2019/application_form_for_kks_ta.pdf,
phone,pass,Published phone: 0000000184 ,http://www.compensation.gov.lk/images/2019/application_form_for_kks_ta.pdf,
phone,pass,Published phone: 0000000246 ,http://www.compensation.gov.lk/images/2019/application_form_for_kks_ta.pdf,
phone,pass,Published phone: 0000000533 ,http://www.compensation.gov.lk/images/2019/application_form_for_kks_ta.pdf,
phone,pass,Published phone: 0000000247 ,http://www.compensation.gov.lk/images/2019/application_form_for_kks_ta.pdf,
phone,pass,Published phone: 0000000448 ,http://www.compensation.gov.lk/images/2019/application_form_for_kks_ta.pdf,
phone,pass,Published phone: 0000000529 ,http://www.compensation.gov.lk/images/2019/application_form_for_kks_ta.pdf,
phone,pass,Published phone: 0000000520 ,http://www.compensation.gov.lk/images/2019/application_form_for_kks_ta.pdf,
phone,pass,Published phone: 0000000167 ,http://www.compensation.gov.lk/images/2019/application_form_for_kks_ta.pdf,
phone,pass,Published phone: 0000000404 ,http://www.compensation.gov.lk/images/2019/application_form_for_kks_ta.pdf,
phone,pass,Published phone: 0000000335 ,http://www.compensation.gov.lk/images/2019/application_form_for_kks_ta.pdf,
phone,pass,Published phone: 0000000388 ,http://www.compensation.gov.lk/images/2019/application_form_for_kks_ta.pdf,
phone,pass,Published phone: 0000000377 ,http://www.compensation.gov.lk/images/2019/application_form_for_kks_ta.pdf,
phone,pass,Published phone: 0000000470 ,http://www.compensation.gov.lk/images/2019/application_form_for_kks_ta.pdf,
phone,pass,Published phone: 0000000238 ,http://www.compensation.gov.lk/images/2019/application_form_for_kks_ta.pdf,
phone,pass,Published phone: 0000000178 ,http://www.compensation.gov.lk/images/2019/application_form_for_kks_ta.pdf,
phone,pass,Published phone: 0000011050 ,http://www.compensation.gov.lk/images/2019/application_form_for_kks_ta.pdf,
phone,pass,Published phone: 0000000329 ,http://www.compensation.gov.lk/images/2019/application_form_for_kks_ta.pdf,
phone,pass,Published phone: 0000011760 ,http://www.compensation.gov.lk/images/2019/application_form_for_kks_ta.pdf,
phone,pass,Published phone: 0000000142 ,http://www.compensation.gov.lk/images/2019/application_form_for_kks_ta.pdf,
phone,pass,Published phone: 0000000410 ,http://www.compensation.gov.lk/images/2019/application_form_for_kks_ta.pdf,
phone,pass,Published phone: 0000000112 ,http://www.compensation.gov.lk/images/2019/application_form_for_kks_ta.pdf,
phone,pass,Published phone: 0000000543 ,http://www.compensation.gov.lk/images/2019/application_form_for_kks_ta.pdf,
phone,pass,Published phone: 0000000544 ,http://www.compensation.gov.lk/images/2019/application_form_for_kks_ta.pdf,
phone,pass,Published phone: 0000000426 ,http://www.compensation.gov.lk/images/2019/application_form_for_kks_ta.pdf,
phone,pass,Published phone: 0000000258 ,http://www.compensation.gov.lk/images/2019/application_form_for_kks_ta.pdf,
phone,pass,Published phone: 0000000317 ,http://www.compensation.gov.lk/images/2019/application_form_for_kks_ta.pdf,
phone,pass,Published phone: 0000000488 ,http://www.compensation.gov.lk/images/2019/application_form_for_kks_ta.pdf,
phone,pass,Published phone: 0000000269 ,http://www.compensation.gov.lk/images/2019/application_form_for_kks_ta.pdf,
phone,pass,Published phone: 0000011124 ,http://www.compensation.gov.lk/images/2019/application_form_for_kks_ta.pdf,
phone,pass,Published phone: 0000012988 ,http://www.compensation.gov.lk/images/2019/application_form_for_kks_ta.pdf,
phone,pass,Published phone: 0000000266 ,http://www.compensation.gov.lk/images/2019/application_form_for_kks_ta.pdf,
phone,pass,Published phone: 0000000219 ,http://www.compensation.gov.lk/images/2019/application_form_for_kks_ta.pdf,
phone,pass,Published phone: 0000000107 ,http://www.compensation.gov.lk/images/2019/application_form_for_kks_ta.pdf,
phone,pass,Published phone: 0000000174 ,http://www.compensation.gov.lk/images/2019/application_form_for_kks_ta.pdf,
phone,pass,Published phone: 0000000199 ,http://www.compensation.gov.lk/images/2019/application_form_for_kks_ta.pdf,
phone,pass,Published phone: 0000000267 ,http://www.compensation.gov.lk/images/2019/application_form_for_kks_ta.pdf,
phone,pass,Published phone: 0000000431 ,http://www.compensation.gov.lk/images/2019/application_form_for_kks_ta.pdf,
phone,pass,Published phone: 0000000343 ,http://www.compensation.gov.lk/images/2019/application_form_for_kks_ta.pdf,
phone,pass,Published phone: 0000000093 ,http://www.compensation.gov.lk/images/2019/application_form_for_kks_ta.pdf,
phone,pass,Published phone: 0000000355 ,http://www.compensation.gov.lk/images/2019/application_form_for_kks_ta.pdf,
phone,pass,Published phone: 0000000111 ,http://www.compensation.gov.lk/images/2019/application_form_for_kks_ta.pdf,
phone,pass,Published phone: 0000000105 ,http://www.compensation.gov.lk/images/2019/application_form_for_kks_ta.pdf,
phone,pass,Published phone: 0000000450 ,http://www.compensation.gov.lk/images/2019/application_form_for_kks_ta.pdf,
phone,pass,Published phone: 0000423711 ,http://www.compensation.gov.lk/images/2019/application_form_for_kks_ta.pdf,
phone,pass,Published phone: 0000000146 ,http://www.compensation.gov.lk/images/2019/application_form_for_kks_ta.pdf,
phone,pass,Published phone: 0000000405 ,http://www.compensation.gov.lk/images/2019/application_form_for_kks_ta.pdf,
phone,pass,Published phone: 0000000282 ,http://www.compensation.gov.lk/images/2019/application_form_for_kks_ta.pdf,
phone,pass,Published phone: 0000000183 ,http://www.compensation.gov.lk/images/2019/application_form_for_kks_ta.pdf,
phone,pass,Published phone: 0000000159 ,http://www.compensation.gov.lk/images/2019/application_form_for_kks_ta.pdf,
phone,pass,Published phone: 0000000232 ,http://www.compensation.gov.lk/images/2019/application_form_for_kks_ta.pdf,
phone,pass,Published phone: 00 628 132 69,http://www.compensation.gov.lk/images/2019/application_form_for_kks_ta.pdf,
phone,pass,Published phone: 0000000479 ,http://www.compensation.gov.lk/images/2019/application_form_for_kks_ta.pdf,
phone,pass,Published phone: 0000000200 ,http://www.compensation.gov.lk/images/2019/application_form_for_kks_ta.pdf,
phone,pass,Published phone: 0000010444 ,http://www.compensation.gov.lk/images/2019/application_form_for_kks_ta.pdf,
phone,pass,Published phone: 0000000095 ,http://www.compensation.gov.lk/images/2019/application_form_for_kks_ta.pdf,
phone,pass,Published phone: 0000022438 ,http://www.compensation.gov.lk/images/2019/application_form_for_kks_ta.pdf,
phone,pass,Published phone: 0000011534 ,http://www.compensation.gov.lk/images/2019/application_form_for_kks_ta.pdf,
phone,pass,Published phone: 0000000121 ,http://www.compensation.gov.lk/images/2019/application_form_for_kks_ta.pdf,
phone,pass,Published phone: 0000000548 ,http://www.compensation.gov.lk/images/2019/application_form_for_kks_ta.pdf,
phone,pass,Published phone: 0000000194 ,http://www.compensation.gov.lk/images/2019/application_form_for_kks_ta.pdf,
phone,pass,Published phone: 0000000254 ,http://www.compensation.gov.lk/images/2019/application_form_for_kks_ta.pdf,
phone,pass,Published phone: 0000000542 ,http://www.compensation.gov.lk/images/2019/application_form_for_kks_ta.pdf,
phone,pass,Published phone: 0 886 0 0 0 0 0 0 ,http://www.compensation.gov.lk/images/2019/application_form_for_kks_ta.pdf,
phone,pass,Published phone: 0000000185 ,http://www.compensation.gov.lk/images/2019/application_form_for_kks_ta.pdf,
phone,pass,Published phone: 0000018566 ,http://www.compensation.gov.lk/images/2019/application_form_for_kks_ta.pdf,
phone,pass,Published phone: 0000120077 ,http://www.compensation.gov.lk/images/2019/application_form_for_kks_ta.pdf,
phone,pass,Published phone: 0000011380 ,http://www.compensation.gov.lk/images/2019/application_form_for_kks_ta.pdf,
phone,pass,Published phone: 0000000209 ,http://www.compensation.gov.lk/images/2019/application_form_for_kks_ta.pdf,
phone,pass,Published phone: 0000029673 ,http://www.compensation.gov.lk/images/2019/application_form_for_kks_ta.pdf,
phone,pass,Published phone: 0000000235 ,http://www.compensation.gov.lk/images/2019/application_form_for_kks_ta.pdf,
phone,pass,Published phone: 0000000145 ,http://www.compensation.gov.lk/images/2019/application_form_for_kks_ta.pdf,
phone,pass,Published phone: 0000000081 ,http://www.compensation.gov.lk/images/2019/application_form_for_kks_ta.pdf,
phone,pass,Published phone: 0000424105 ,http://www.compensation.gov.lk/images/2019/application_form_for_kks_ta.pdf,
phone,pass,Published phone: 0000000408 ,http://www.compensation.gov.lk/images/2019/application_form_for_kks_ta.pdf,
phone,pass,Published phone: 0 0 802 900 62,http://www.compensation.gov.lk/images/2019/application_form_for_kks_ta.pdf,
phone,pass,Published phone: 0000000117 ,http://www.compensation.gov.lk/images/2019/application_form_for_kks_ta.pdf,
phone,pass,Published phone: 0000000371 ,http://www.compensation.gov.lk/images/2019/application_form_for_kks_ta.pdf,
phone,pass,Published phone: 0000022186 ,http://www.compensation.gov.lk/images/2019/application_form_for_kks_ta.pdf,
phone,pass,Published phone: 0000000455 ,http://www.compensation.gov.lk/images/2019/application_form_for_kks_ta.pdf,
phone,pass,Published phone: 0000000385 ,http://www.compensation.gov.lk/images/2019/application_form_for_kks_ta.pdf,
phone,pass,Published phone: 0000000191 ,http://www.compensation.gov.lk/images/2019/application_form_for_kks_ta.pdf,
phone,pass,Published phone: 0000000400 ,http://www.compensation.gov.lk/images/2019/application_form_for_kks_ta.pdf,
phone,pass,Published phone: 0000008104 ,http://www.compensation.gov.lk/images/2019/application_form_for_kks_ta.pdf,
phone,pass,Published phone: 0000000212 ,http://www.compensation.gov.lk/images/2019/application_form_for_kks_ta.pdf,
phone,pass,Published phone: 0000000158 ,http://www.compensation.gov.lk/images/2019/application_form_for_kks_ta.pdf,
phone,pass,Published phone: 0000007454 ,http://www.compensation.gov.lk/images/2019/application_form_for_kks_ta.pdf,
phone,pass,Published phone: 0000000374 ,http://www.compensation.gov.lk/images/2019/application_form_for_kks_ta.pdf,
phone,pass,Published phone: 0000000564 ,http://www.compensation.gov.lk/images/2019/application_form_for_kks_ta.pdf,
phone,pass,Published phone: 0000000345 ,http://www.compensation.gov.lk/images/2019/application_form_for_kks_ta.pdf,
phone,pass,Published phone: 0000041948 ,http://www.compensation.gov.lk/images/2019/application_form_for_kks_ta.pdf,
phone,pass,Published phone: 0000011686 ,http://www.compensation.gov.lk/images/2019/application_form_for_kks_ta.pdf,
phone,pass,Published phone: 0000330721 ,http://www.compensation.gov.lk/images/2019/application_form_for_kks_ta.pdf,
phone,pass,Published phone: 0000000118 ,http://www.compensation.gov.lk/images/2019/application_form_for_kks_ta.pdf,
phone,pass,Published phone: 0 230 359 0 69,http://www.compensation.gov.lk/images/2019/application_form_for_kks_ta.pdf,
phone,pass,Published phone: 0000000132 ,http://www.compensation.gov.lk/images/2019/application_form_for_kks_ta.pdf,
phone,pass,Published phone: 0000000148 ,http://www.compensation.gov.lk/images/2019/application_form_for_kks_ta.pdf,
phone,pass,Published phone: 0000492370 ,http://www.compensation.gov.lk/images/2019/application_form_for_kks_ta.pdf,
phone,pass,Published phone: 0000000375 ,http://www.compensation.gov.lk/images/2019/application_form_for_kks_ta.pdf,
phone,pass,Published phone: 0000000323 ,http://www.compensation.gov.lk/images/2019/application_form_for_kks_ta.pdf,
phone,pass,Published phone: 0000021941 ,http://www.compensation.gov.lk/images/2019/application_form_for_kks_ta.pdf,
phone,pass,Published phone: 0000000528 ,http://www.compensation.gov.lk/images/2019/application_form_for_kks_ta.pdf,
phone,pass,Published phone: 0000009515 ,http://www.compensation.gov.lk/images/2019/application_form_for_kks_ta.pdf,
phone,pass,Published phone: 0000000177 ,http://www.compensation.gov.lk/images/2019/application_form_for_kks_ta.pdf,
phone,pass,Published phone: 0000008660 ,http://www.compensation.gov.lk/images/2019/application_form_for_kks_ta.pdf,
phone,pass,Published phone: 0000000483 ,http://www.compensation.gov.lk/images/2019/application_form_for_kks_ta.pdf,
phone,pass,Published phone: 0000000562 ,http://www.compensation.gov.lk/images/2019/application_form_for_kks_ta.pdf,
phone,pass,Published phone: 0000042060 ,http://www.compensation.gov.lk/images/2019/application_form_for_kks_ta.pdf,
phone,pass,Published phone: 0000010006 ,http://www.compensation.gov.lk/images/2019/application_form_for_kks_ta.pdf,
phone,pass,Published phone: 0000000396 ,http://www.compensation.gov.lk/images/2019/application_form_for_kks_ta.pdf,
phone,pass,Published phone: 0000000337 ,http://www.compensation.gov.lk/images/2019/application_form_for_kks_ta.pdf,
phone,pass,Published phone: 0000000173 ,http://www.compensation.gov.lk/images/2019/application_form_for_kks_ta.pdf,
phone,pass,Published phone: 0000000555 ,http://www.compensation.gov.lk/images/2019/application_form_for_kks_ta.pdf,
phone,pass,Published phone: 0000000557 ,http://www.compensation.gov.lk/images/2019/application_form_for_kks_ta.pdf,
phone,pass,Published phone: 0000000260 ,http://www.compensation.gov.lk/images/2019/application_form_for_kks_ta.pdf,
phone,pass,Published phone: 0000000130 ,http://www.compensation.gov.lk/images/2019/application_form_for_kks_ta.pdf,
phone,pass,Published phone: 0000000102 ,http://www.compensation.gov.lk/images/2019/application_form_for_kks_ta.pdf,
phone,pass,Published phone: 0000000307 ,http://www.compensation.gov.lk/images/2019/application_form_for_kks_ta.pdf,
phone,pass,Published phone: 0000000363 ,http://www.compensation.gov.lk/images/2019/application_form_for_kks_ta.pdf,
phone,pass,Published phone: 0000000500 ,http://www.compensation.gov.lk/images/2019/application_form_for_kks_ta.pdf,
phone,pass,Published phone: 0000255305 ,http://www.compensation.gov.lk/images/2019/application_form_for_kks_ta.pdf,
phone,pass,Published phone: 0000255606 ,http://www.compensation.gov.lk/images/2019/application_form_for_kks_ta.pdf,
phone,pass,Published phone: 0000000494 ,http://www.compensation.gov.lk/images/2019/application_form_for_kks_ta.pdf,
phone,pass,Published phone: 0000000257 ,http://www.compensation.gov.lk/images/2019/application_form_for_kks_ta.pdf,
phone,pass,Published phone: 0000000440 ,http://www.compensation.gov.lk/images/2019/application_form_for_kks_ta.pdf,
phone,pass,Published phone: 0000000462 ,http://www.compensation.gov.lk/images/2019/application_form_for_kks_ta.pdf,
phone,pass,Published phone: 0000000340 ,http://www.compensation.gov.lk/images/2019/application_form_for_kks_ta.pdf,
phone,pass,Published phone: 0000000516 ,http://www.compensation.gov.lk/images/2019/application_form_for_kks_ta.pdf,
phone,pass,Published phone: 0000000454 ,http://www.compensation.gov.lk/images/2019/application_form_for_kks_ta.pdf,
phone,pass,Published phone: 0000000439 ,http://www.compensation.gov.lk/images/2019/application_form_for_kks_ta.pdf,
phone,pass,Published phone: 0000000563 ,http://www.compensation.gov.lk/images/2019/application_form_for_kks_ta.pdf,
phone,pass,Published phone: 0000000339 ,http://www.compensation.gov.lk/images/2019/application_form_for_kks_ta.pdf,
phone,pass,Published phone: 0000000151 ,http://www.compensation.gov.lk/images/2019/application_form_for_kks_ta.pdf,
phone,pass,Published phone: 0000000364 ,http://www.compensation.gov.lk/images/2019/application_form_for_kks_ta.pdf,
phone,pass,Published phone: 0000000318 ,http://www.compensation.gov.lk/images/2019/application_form_for_kks_ta.pdf,
phone,pass,Published phone: 0000491998 ,http://www.compensation.gov.lk/images/2019/application_form_for_kks_ta.pdf,
phone,pass,Published phone: 0000000429 ,http://www.compensation.gov.lk/images/2019/application_form_for_kks_ta.pdf,
phone,pass,Published phone: 0000000553 ,http://www.compensation.gov.lk/images/2019/application_form_for_kks_ta.pdf,
phone,pass,Published phone: 0000000417 ,http://www.compensation.gov.lk/images/2019/application_form_for_kks_ta.pdf,
phone,pass,Published phone: 0000000322 ,http://www.compensation.gov.lk/images/2019/application_form_for_kks_ta.pdf,
phone,pass,Published phone: 0000000434 ,http://www.compensation.gov.lk/images/2019/application_form_for_kks_ta.pdf,
phone,pass,Published phone: 0000000085 ,http://www.compensation.gov.lk/images/2019/application_form_for_kks_ta.pdf,
phone,pass,Published phone: 0000000507 ,http://www.compensation.gov.lk/images/2019/application_form_for_kks_ta.pdf,
phone,pass,Published phone: 0000000428 ,http://www.compensation.gov.lk/images/2019/application_form_for_kks_ta.pdf,
phone,pass,Published phone: 0000000224 ,http://www.compensation.gov.lk/images/2019/application_form_for_kks_ta.pdf,
phone,pass,Published phone: 0000330406 ,http://www.compensation.gov.lk/images/2019/application_form_for_kks_ta.pdf,
phone,pass,Published phone: 0000000561 ,http://www.compensation.gov.lk/images/2019/application_form_for_kks_ta.pdf,
phone,pass,Published phone: 0000000394 ,http://www.compensation.gov.lk/images/2019/application_form_for_kks_ta.pdf,
phone,pass,Published phone: 0000000227 ,http://www.compensation.gov.lk/images/2019/application_form_for_kks_ta.pdf,
phone,pass,Published phone: 0000000523 ,http://www.compensation.gov.lk/images/2019/application_form_for_kks_ta.pdf,
phone,pass,Published phone: 0000255154 ,http://www.compensation.gov.lk/images/2019/application_form_for_kks_ta.pdf,
phone,pass,Published phone: 0000000249 ,http://www.compensation.gov.lk/images/2019/application_form_for_kks_ta.pdf,
phone,pass,Published phone: 0000000568 ,http://www.compensation.gov.lk/images/2019/application_form_for_kks_ta.pdf,
phone,pass,Published phone: 0000000088 ,http://www.compensation.gov.lk/images/2019/application_form_for_kks_ta.pdf,
phone,pass,Published phone: 0000012127 ,http://www.compensation.gov.lk/images/2019/application_form_for_kks_ta.pdf,
phone,pass,Published phone: 0000017748 ,http://www.compensation.gov.lk/images/2019/application_form_for_kks_ta.pdf,
phone,pass,Published phone: 0000000418 ,http://www.compensation.gov.lk/images/2019/application_form_for_kks_ta.pdf,
phone,pass,Published phone: 0000000273 ,http://www.compensation.gov.lk/images/2019/application_form_for_kks_ta.pdf,
phone,pass,Published phone: 0000000308 ,http://www.compensation.gov.lk/images/2019/application_form_for_kks_ta.pdf,
phone,pass,Published phone: 0000019222 ,http://www.compensation.gov.lk/images/2019/application_form_for_kks_ta.pdf,
phone,pass,Published phone: 0000000087 ,http://www.compensation.gov.lk/images/2019/application_form_for_kks_ta.pdf,
phone,pass,Published phone: 0000000091 ,http://www.compensation.gov.lk/images/2019/application_form_for_kks_ta.pdf,
phone,pass,Published phone: 0000000546 ,http://www.compensation.gov.lk/images/2019/application_form_for_kks_ta.pdf,
phone,pass,Published phone: 0000504518 ,http://www.compensation.gov.lk/images/2019/application_form_for_kks_ta.pdf,
phone,pass,Published phone: 0000000195 ,http://www.compensation.gov.lk/images/2019/application_form_for_kks_ta.pdf,
phone,pass,Published phone: 0000000160 ,http://www.compensation.gov.lk/images/2019/application_form_for_kks_ta.pdf,
phone,pass,Published phone: 0000010260 ,http://www.compensation.gov.lk/images/2019/application_form_for_kks_ta.pdf,
phone,pass,Published phone: 0000000136 ,http://www.compensation.gov.lk/images/2019/application_form_for_kks_ta.pdf,
phone,pass,Published phone: 0000000522 ,http://www.compensation.gov.lk/images/2019/application_form_for_kks_ta.pdf,
phone,pass,Published phone: 0000000338 ,http://www.compensation.gov.lk/images/2019/application_form_for_kks_ta.pdf,
phone,pass,Published phone: 0000000482 ,http://www.compensation.gov.lk/images/2019/application_form_for_kks_ta.pdf,
phone,pass,Published phone: 0000000152 ,http://www.compensation.gov.lk/images/2019/application_form_for_kks_ta.pdf,
phone,pass,Published phone: 0000000489 ,http://www.compensation.gov.lk/images/2019/application_form_for_kks_ta.pdf,
phone,pass,Published phone: 0000000290 ,http://www.compensation.gov.lk/images/2019/application_form_for_kks_ta.pdf,
phone,pass,Published phone: 0000000110 ,http://www.compensation.gov.lk/images/2019/application_form_for_kks_ta.pdf,
phone,pass,Published phone: 0000000220 ,http://www.compensation.gov.lk/images/2019/application_form_for_kks_ta.pdf,
phone,pass,Published phone: 0000000365 ,http://www.compensation.gov.lk/images/2019/application_form_for_kks_ta.pdf,
phone,pass,Published phone: 0000149294 ,http://www.compensation.gov.lk/images/2019/application_form_for_kks_ta.pdf,
phone,pass,Published phone: 0000000427 ,http://www.compensation.gov.lk/images/2019/application_form_for_kks_ta.pdf,
phone,pass,Published phone: 0000000486 ,http://www.compensation.gov.lk/images/2019/application_form_for_kks_ta.pdf,
phone,pass,Published phone: 0000000554 ,http://www.compensation.gov.lk/images/2019/application_form_for_kks_ta.pdf,
phone,pass,Published phone: 0000000239 ,http://www.compensation.gov.lk/images/2019/application_form_for_kks_ta.pdf,
phone,pass,Published phone: 0000000490 ,http://www.compensation.gov.lk/images/2019/application_form_for_kks_ta.pdf,
phone,pass,Published phone: 0000000156 ,http://www.compensation.gov.lk/images/2019/application_form_for_kks_ta.pdf,
phone,pass,Published phone: 0000018888 ,http://www.compensation.gov.lk/images/2019/application_form_for_kks_ta.pdf,
phone,pass,Published phone: 0000005755 ,http://www.compensation.gov.lk/images/2019/application_form_for_kks_ta.pdf,
phone,pass,Published phone: 0000009837 ,http://www.compensation.gov.lk/images/2019/application_form_for_kks_ta.pdf,
phone,pass,Published phone: 0000000115 ,http://www.compensation.gov.lk/images/2019/application_form_for_kks_ta.pdf,
phone,pass,Published phone: 0000000175 ,http://www.compensation.gov.lk/images/2019/application_form_for_kks_ta.pdf,
phone,pass,Published phone: 0000000527 ,http://www.compensation.gov.lk/images/2019/application_form_for_kks_ta.pdf,
phone,pass,Published phone: 0000000100 ,http://www.compensation.gov.lk/images/2019/application_form_for_kks_ta.pdf,
phone,pass,Published phone: 0000000263 ,http://www.compensation.gov.lk/images/2019/application_form_for_kks_ta.pdf,
phone,pass,Published phone: 0000000315 ,http://www.compensation.gov.lk/images/2019/application_form_for_kks_ta.pdf,
phone,pass,Published phone: 0000000456 ,http://www.compensation.gov.lk/images/2019/application_form_for_kks_ta.pdf,
phone,pass,Published phone: 0000021911 ,http://www.compensation.gov.lk/images/2019/application_form_for_kks_ta.pdf,
phone,pass,Published phone: 0000000403 ,http://www.compensation.gov.lk/images/2019/application_form_for_kks_ta.pdf,
phone,pass,Published phone: 0000000134 ,http://www.compensation.gov.lk/images/2019/application_form_for_kks_ta.pdf,
phone,pass,Published phone: 0000000499 ,http://www.compensation.gov.lk/images/2019/application_form_for_kks_ta.pdf,
phone,pass,Published phone: 0000000221 ,http://www.compensation.gov.lk/images/2019/application_form_for_kks_ta.pdf,
phone,pass,Published phone: 0000000141 ,http://www.compensation.gov.lk/images/2019/application_form_for_kks_ta.pdf,
phone,pass,Published phone: 0000000387 ,http://www.compensation.gov.lk/images/2019/application_form_for_kks_ta.pdf,
phone,pass,Published phone: 0000008849 ,http://www.compensation.gov.lk/images/2019/application_form_for_kks_ta.pdf,
phone,pass,Published phone: 0000000413 ,http://www.compensation.gov.lk/images/2019/application_form_for_kks_ta.pdf,
phone,pass,Published phone: 0000000473 ,http://www.compensation.gov.lk/images/2019/application_form_for_kks_ta.pdf,
phone,pass,Published phone: 0000353429 ,http://www.compensation.gov.lk/images/2019/application_form_for_kks_ta.pdf,
phone,pass,Published phone: 0000504217 ,http://www.compensation.gov.lk/images/2019/application_form_for_kks_ta.pdf,
phone,pass,Published phone: 0000000272 ,http://www.compensation.gov.lk/images/2019/application_form_for_kks_ta.pdf,
phone,pass,Published phone: 0000000419 ,http://www.compensation.gov.lk/images/2019/application_form_for_kks_ta.pdf,
phone,pass,Published phone: 0000000357 ,http://www.compensation.gov.lk/images/2019/application_form_for_kks_ta.pdf,
phone,pass,Published phone: 0000000504 ,http://www.compensation.gov.lk/images/2019/application_form_for_kks_ta.pdf,
phone,pass,Published phone: 0000330208 ,http://www.compensation.gov.lk/images/2019/application_form_for_kks_ta.pdf,
phone,pass,Published phone: 0000000211 ,http://www.compensation.gov.lk/images/2019/application_form_for_kks_ta.pdf,
phone,pass,Published phone: 0000000252 ,http://www.compensation.gov.lk/images/2019/application_form_for_kks_ta.pdf,
phone,pass,Published phone: 0000000306 ,http://www.compensation.gov.lk/images/2019/application_form_for_kks_ta.pdf,
phone,pass,Published phone: 0000000525 ,http://www.compensation.gov.lk/images/2019/application_form_for_kks_ta.pdf,
phone,pass,Published phone: 0000009317 ,http://www.compensation.gov.lk/images/2019/application_form_for_kks_ta.pdf,
phone,pass,Published phone: 0000000096 ,http://www.compensation.gov.lk/images/2019/application_form_for_kks_ta.pdf,
phone,pass,Published phone: 0000000082 ,http://www.compensation.gov.lk/images/2019/application_form_for_kks_ta.pdf,
phone,pass,Published phone: 0000000532 ,http://www.compensation.gov.lk/images/2019/application_form_for_kks_ta.pdf,
phone,pass,Published phone: 0000000501 ,http://www.compensation.gov.lk/images/2019/application_form_for_kks_ta.pdf,
phone,pass,Published phone: 0000000094 ,http://www.compensation.gov.lk/images/2019/application_form_for_kks_ta.pdf,
phone,pass,Published phone: 0000000172 ,http://www.compensation.gov.lk/images/2019/application_form_for_kks_ta.pdf,
phone,pass,Published phone: 0000000517 ,http://www.compensation.gov.lk/images/2019/application_form_for_kks_ta.pdf,
phone,pass,Published phone: 0000000179 ,http://www.compensation.gov.lk/images/2019/application_form_for_kks_ta.pdf,
phone,pass,Published phone: 0000000182 ,http://www.compensation.gov.lk/images/2019/application_form_for_kks_ta.pdf,
phone,pass,Published phone: 0000000436 ,http://www.compensation.gov.lk/images/2019/application_form_for_kks_ta.pdf,
phone,pass,Published phone: 0000000097 ,http://www.compensation.gov.lk/images/2019/application_form_for_kks_ta.pdf,
phone,pass,Published phone: 0000000233 ,http://www.compensation.gov.lk/images/2019/application_form_for_kks_ta.pdf,
phone,pass,Published phone: 0000010876 ,http://www.compensation.gov.lk/images/2019/application_form_for_kks_ta.pdf,
phone,pass,Published phone: 0000000291 ,http://www.compensation.gov.lk/images/2019/application_form_for_kks_ta.pdf,
phone,pass,Published phone: 0000000287 ,http://www.compensation.gov.lk/images/2019/application_form_for_kks_ta.pdf,
phone,pass,Published phone: 0000000327 ,http://www.compensation.gov.lk/images/2019/application_form_for_kks_ta.pdf,
phone,pass,Published phone: 0000000372 ,http://www.compensation.gov.lk/images/2019/application_form_for_kks_ta.pdf,
phone,pass,Published phone: 0000000536 ,http://www.compensation.gov.lk/images/2019/application_form_for_kks_ta.pdf,
phone,pass,Published phone: 0000012626 ,http://www.compensation.gov.lk/images/2019/application_form_for_kks_ta.pdf,
phone,pass,Published phone: 0000000169 ,http://www.compensation.gov.lk/images/2019/application_form_for_kks_ta.pdf,
phone,pass,Published phone: 0000000481 ,http://www.compensation.gov.lk/images/2019/application_form_for_kks_ta.pdf,
phone,pass,Published phone: 0000000521 ,http://www.compensation.gov.lk/images/2019/application_form_for_kks_ta.pdf,
phone,pass,Published phone: 0000000214 ,http://www.compensation.gov.lk/images/2019/application_form_for_kks_ta.pdf,
phone,pass,Published phone: 0000000480 ,http://www.compensation.gov.lk/images/2019/application_form_for_kks_ta.pdf,
phone,pass,Published phone: 0000000181 ,http://www.compensation.gov.lk/images/2019/application_form_for_kks_ta.pdf,
phone,pass,Published phone: 0000000098 ,http://www.compensation.gov.lk/images/2019/application_form_for_kks_ta.pdf,
phone,pass,Published phone: 0000000567 ,http://www.compensation.gov.lk/images/2019/application_form_for_kks_ta.pdf,
phone,pass,Published phone: 0000000347 ,http://www.compensation.gov.lk/images/2019/application_form_for_kks_ta.pdf,
phone,pass,Published phone: 0 749 1092 0 0 ,http://www.compensation.gov.lk/images/2019/application_form_for_kks_ta.pdf,
phone,pass,Published phone: 00 0 0 0 0 0 0 0 6,http://www.compensation.gov.lk/images/2019/application_form_for_kks_ta.pdf,
phone,pass,Published phone: 0000000398 ,http://www.compensation.gov.lk/images/2019/application_form_for_kks_ta.pdf,
phone,pass,Published phone: 0000000204 ,http://www.compensation.gov.lk/images/2019/application_form_for_kks_ta.pdf,
phone,pass,Published phone: 0000012003 ,http://www.compensation.gov.lk/images/2019/application_form_for_kks_ta.pdf,
phone,pass,Published phone: 0000000293 ,http://www.compensation.gov.lk/images/2019/application_form_for_kks_ta.pdf,
phone,pass,Published phone: 0000000149 ,http://www.compensation.gov.lk/images/2019/application_form_for_kks_ta.pdf,
phone,pass,Published phone: 0000000422 ,http://www.compensation.gov.lk/images/2019/application_form_for_kks_ta.pdf,
phone,pass,Published phone: 0000000558 ,http://www.compensation.gov.lk/images/2019/application_form_for_kks_ta.pdf,
phone,pass,Published phone: 0000021768 ,http://www.compensation.gov.lk/images/2019/application_form_for_kks_ta.pdf,
phone,pass,Published phone: 0000000465 ,http://www.compensation.gov.lk/images/2019/application_form_for_kks_ta.pdf,
phone,pass,Published phone: 0000000301 ,http://www.compensation.gov.lk/images/2019/application_form_for_kks_ta.pdf,
phone,pass,Published phone: 0000000186 ,http://www.compensation.gov.lk/images/2019/application_form_for_kks_ta.pdf,
phone,pass,Published phone: 0000000498 ,http://www.compensation.gov.lk/images/2019/application_form_for_kks_ta.pdf,
phone,pass,Published phone: 0000000397 ,http://www.compensation.gov.lk/images/2019/application_form_for_kks_ta.pdf,
phone,pass,Published phone: 0000000511 ,http://www.compensation.gov.lk/images/2019/application_form_for_kks_ta.pdf,
phone,pass,Published phone: 0000000491 ,http://www.compensation.gov.lk/images/2019/application_form_for_kks_ta.pdf,
phone,pass,Published phone: 0000000310 ,http://www.compensation.gov.lk/images/2019/application_form_for_kks_ta.pdf,
phone,pass,Published phone: 0000000201 ,http://www.compensation.gov.lk/images/2019/application_form_for_kks_ta.pdf,
phone,pass,Published phone: 0000000109 ,http://www.compensation.gov.lk/images/2019/application_form_for_kks_ta.pdf,
phone,pass,Published phone: 0000000464 ,http://www.compensation.gov.lk/images/2019/application_form_for_kks_ta.pdf,
phone,pass,Published phone: 0000004919 ,http://www.compensation.gov.lk/images/2019/application_form_for_kks_ta.pdf,
phone,pass,Published phone: 0000000270 ,http://www.compensation.gov.lk/images/2019/application_form_for_kks_ta.pdf,
phone,pass,Published phone: 0000000383 ,http://www.compensation.gov.lk/images/2019/application_form_for_kks_ta.pdf,
phone,pass,Published phone: 0000342296 ,http://www.compensation.gov.lk/images/2019/application_form_for_kks_ta.pdf,
phone,pass,Published phone: 0000000101 ,http://www.compensation.gov.lk/images/2019/application_form_for_kks_ta.pdf,
phone,pass,Published phone: 0000000274 ,http://www.compensation.gov.lk/images/2019/application_form_for_kks_ta.pdf,
phone,pass,Published phone: 0000000309 ,http://www.compensation.gov.lk/images/2019/application_form_for_kks_ta.pdf,
phone,pass,Published phone: 0 0 1000 0 782 ,http://www.compensation.gov.lk/images/2019/application_form_for_kks_ta.pdf,
phone,pass,Published phone: 0000005088 ,http://www.compensation.gov.lk/images/2019/application_form_for_kks_ta.pdf,
phone,pass,Published phone: 0000000210 ,http://www.compensation.gov.lk/images/2019/application_form_for_kks_ta.pdf,
phone,pass,Published phone: 0000000285 ,http://www.compensation.gov.lk/images/2019/application_form_for_kks_ta.pdf,
phone,pass,Published phone: 0000029999 ,http://www.compensation.gov.lk/images/2019/application_form_for_kks_ta.pdf,
phone,pass,Published phone: 0000000240 ,http://www.compensation.gov.lk/images/2019/application_form_for_kks_ta.pdf,
phone,pass,Published phone: 0000000452 ,http://www.compensation.gov.lk/images/2019/application_form_for_kks_ta.pdf,
phone,pass,Published phone: 0000000505 ,http://www.compensation.gov.lk/images/2019/application_form_for_kks_ta.pdf,
phone,pass,Published phone: 0000000139 ,http://www.compensation.gov.lk/images/2019/application_form_for_kks_ta.pdf,
phone,pass,Published phone: 0000000399 ,http://www.compensation.gov.lk/images/2019/application_form_for_kks_ta.pdf,
phone,pass,Published phone: 0000006768 ,http://www.compensation.gov.lk/images/2019/application_form_for_kks_ta.pdf,
phone,pass,Published phone: 0000009347 ,http://www.compensation.gov.lk/images/2019/application_form_for_kks_ta.pdf,
phone,pass,Published phone: 0000017980 ,http://www.compensation.gov.lk/images/2019/application_form_for_kks_ta.pdf,
phone,pass,Published phone: 0000000125 ,http://www.compensation.gov.lk/images/2019/application_form_for_kks_ta.pdf,
phone,pass,Published phone: 0000022112 ,http://www.compensation.gov.lk/images/2019/application_form_for_kks_ta.pdf,
phone,pass,Published phone: 0000000474 ,http://www.compensation.gov.lk/images/2019/application_form_for_kks_ta.pdf,
phone,pass,Published phone: 0000000255 ,http://www.compensation.gov.lk/images/2019/application_form_for_kks_ta.pdf,
phone,pass,Published phone: 0000000292 ,http://www.compensation.gov.lk/images/2019/application_form_for_kks_ta.pdf,
phone,pass,Published phone: 0000005930 ,http://www.compensation.gov.lk/images/2019/application_form_for_kks_ta.pdf,
phone,pass,Published phone: 0000000441 ,http://www.compensation.gov.lk/images/2019/application_form_for_kks_ta.pdf,
phone,pass,Published phone: 0000012309 ,http://www.compensation.gov.lk/images/2019/application_form_for_kks_ta.pdf,
phone,pass,Published phone: 0000000280 ,http://www.compensation.gov.lk/images/2019/application_form_for_kks_ta.pdf,
phone,pass,Published phone: 0000000379 ,http://www.compensation.gov.lk/images/2019/application_form_for_kks_ta.pdf,
phone,pass,Published phone: 0000504189 ,http://www.compensation.gov.lk/images/2019/application_form_for_kks_ta.pdf,
phone,pass,Published phone: 0000000302 ,http://www.compensation.gov.lk/images/2019/application_form_for_kks_ta.pdf,
phone,pass,Published phone: 0000000468 ,http://www.compensation.gov.lk/images/2019/application_form_for_kks_ta.pdf,
phone,pass,Published phone: 0000000369 ,http://www.compensation.gov.lk/images/2019/application_form_for_kks_ta.pdf,
phone,pass,Published phone: 0000000162 ,http://www.compensation.gov.lk/images/2019/application_form_for_kks_ta.pdf,
phone,pass,Published phone: 0000000261 ,http://www.compensation.gov.lk/images/2019/application_form_for_kks_ta.pdf,
phone,pass,Published phone: 0000011504 ,http://www.compensation.gov.lk/images/2019/application_form_for_kks_ta.pdf,
phone,pass,Published phone: 0000000362 ,http://www.compensation.gov.lk/images/2019/application_form_for_kks_ta.pdf,
phone,pass,Published phone: 0000000389 ,http://www.compensation.gov.lk/images/2019/application_form_for_kks_ta.pdf,
phone,pass,Published phone: 0000000349 ,http://www.compensation.gov.lk/images/2019/application_form_for_kks_ta.pdf,
phone,pass,Published phone: 0000000189 ,http://www.compensation.gov.lk/images/2019/application_form_for_kks_ta.pdf,
phone,pass,Published phone: 0000000000 ,http://www.compensation.gov.lk/images/2019/application_form_for_kks_ta.pdf,
phone,pass,Published phone: 0000000253 ,http://www.compensation.gov.lk/images/2019/application_form_for_kks_ta.pdf,
phone,pass,Published phone: 0000000314 ,http://www.compensation.gov.lk/images/2019/application_form_for_kks_ta.pdf,
phone,pass,Published phone: 0000000295 ,http://www.compensation.gov.lk/images/2019/application_form_for_kks_ta.pdf,
phone,pass,Published phone: 0000010846 ,http://www.compensation.gov.lk/images/2019/application_form_for_kks_ta.pdf,
phone,pass,Published phone: 0000000122 ,http://www.compensation.gov.lk/images/2019/application_form_for_kks_ta.pdf,
phone,pass,Published phone: 0000000223 ,http://www.compensation.gov.lk/images/2019/application_form_for_kks_ta.pdf,
phone,pass,Published phone: 0000000268 ,http://www.compensation.gov.lk/images/2019/application_form_for_kks_ta.pdf,
phone,pass,Published phone: 0000006175 ,http://www.compensation.gov.lk/images/2019/application_form_for_kks_ta.pdf,
phone,pass,Published phone: 0000000147 ,http://www.compensation.gov.lk/images/2019/application_form_for_kks_ta.pdf,
phone,pass,Published phone: 0000000421 ,http://www.compensation.gov.lk/images/2019/application_form_for_kks_ta.pdf,
phone,pass,Published phone: 0000000463 ,http://www.compensation.gov.lk/images/2019/application_form_for_kks_ta.pdf,
phone,pass,Published phone: 0000000466 ,http://www.compensation.gov.lk/images/2019/application_form_for_kks_ta.pdf,
phone,pass,Published phone: 0000000234 ,http://www.compensation.gov.lk/images/2019/application_form_for_kks_ta.pdf,
phone,pass,Published phone: 0000000386 ,http://www.compensation.gov.lk/images/2019/application_form_for_kks_ta.pdf,
phone,pass,Published phone: 0000000154 ,http://www.compensation.gov.lk/images/2019/application_form_for_kks_ta.pdf,
phone,pass,Published phone: 0000000451 ,http://www.compensation.gov.lk/images/2019/application_form_for_kks_ta.pdf,
phone,pass,Published phone: 0000000380 ,http://www.compensation.gov.lk/images/2019/application_form_for_kks_ta.pdf,
phone,pass,Published phone: 0000000226 ,http://www.compensation.gov.lk/images/2019/application_form_for_kks_ta.pdf,
phone,pass,Published phone: 0000000569 ,http://www.compensation.gov.lk/images/2019/application_form_for_kks_ta.pdf,
phone,pass,Published phone: 0000000484 ,http://www.compensation.gov.lk/images/2019/application_form_for_kks_ta.pdf,
phone,pass,Published phone: 0000000297 ,http://www.compensation.gov.lk/images/2019/application_form_for_kks_ta.pdf,
phone,pass,Published phone: 0000000415 ,http://www.compensation.gov.lk/images/2019/application_form_for_kks_ta.pdf,
phone,pass,Published phone: 0 612 1070 74,http://www.compensation.gov.lk/images/2019/application_form_for_kks_ta.pdf,
phone,pass,Published phone: 0000000303 ,http://www.compensation.gov.lk/images/2019/application_form_for_kks_ta.pdf,
phone,pass,Published phone: 0000000534 ,http://www.compensation.gov.lk/images/2019/application_form_for_kks_ta.pdf,
phone,pass,Published phone: 0000000126 ,http://www.compensation.gov.lk/images/2019/application_form_for_kks_ta.pdf,
phone,pass,Published phone: 0000000401 ,http://www.compensation.gov.lk/images/2019/application_form_for_kks_ta.pdf,
phone,pass,Published phone: 0000000108 ,http://www.compensation.gov.lk/images/2019/application_form_for_kks_ta.pdf,
phone,pass,Published phone: 0000000276 ,http://www.compensation.gov.lk/images/2019/application_form_for_kks_ta.pdf,
phone,pass,Published phone: 0000000124 ,http://www.compensation.gov.lk/images/2019/application_form_for_kks_ta.pdf,
phone,pass,Published phone: 0 0 0 0 0 0 0 252,http://www.compensation.gov.lk/images/2019/application_form_for_kks_ta.pdf,
phone,pass,Published phone: 0000000541 ,http://www.compensation.gov.lk/images/2019/application_form_for_kks_ta.pdf,
phone,pass,Published phone: 0000000437 ,http://www.compensation.gov.lk/images/2019/application_form_for_kks_ta.pdf,
phone,pass,Published phone: 0000000250 ,http://www.compensation.gov.lk/images/2019/application_form_for_kks_ta.pdf,
phone,pass,Published phone: 0 610 000000,http://www.compensation.gov.lk/images/2019/application_form_for_kks_ta.pdf,
phone,pass,Published phone: 0000000353 ,http://www.compensation.gov.lk/images/2019/application_form_for_kks_ta.pdf,
phone,pass,Published phone: 0000000515 ,http://www.compensation.gov.lk/images/2019/application_form_for_kks_ta.pdf,
phone,pass,Published phone: 0000000120 ,http://www.compensation.gov.lk/images/2019/application_form_for_kks_ta.pdf,
phone,pass,Published phone: 0000000402 ,http://www.compensation.gov.lk/images/2019/application_form_for_kks_ta.pdf,
phone,pass,Published phone: 0000000300 ,http://www.compensation.gov.lk/images/2019/application_form_for_kks_ta.pdf,
phone,pass,Published phone: 0000000245 ,http://www.compensation.gov.lk/images/2019/application_form_for_kks_ta.pdf,
phone,pass,Published phone: 0000000324 ,http://www.compensation.gov.lk/images/2019/application_form_for_kks_ta.pdf,
phone,pass,Published phone: 0000000078 ,http://www.compensation.gov.lk/images/2019/application_form_for_kks_ta.pdf,
phone,pass,Published phone: 0000000518 ,http://www.compensation.gov.lk/images/2019/application_form_for_kks_ta.pdf,
phone,pass,Published phone: 0000005510 ,http://www.compensation.gov.lk/images/2019/application_form_for_kks_ta.pdf,
phone,pass,Published phone: 0000000332 ,http://www.compensation.gov.lk/images/2019/application_form_for_kks_ta.pdf,
phone,pass,Published phone: 0000527631 ,http://www.compensation.gov.lk/images/2019/application_form_for_kks_ta.pdf,
phone,pass,Published phone: 0000353523 ,http://www.compensation.gov.lk/images/2019/application_form_for_kks_ta.pdf,
phone,pass,Published phone: 0000000283 ,http://www.compensation.gov.lk/images/2019/application_form_for_kks_ta.pdf,
phone,pass,Published phone: 0000000157 ,http://www.compensation.gov.lk/images/2019/application_form_for_kks_ta.pdf,
phone,pass,Published phone: 0000000165 ,http://www.compensation.gov.lk/images/2019/application_form_for_kks_ta.pdf,
phone,pass,Published phone: 0000000442 ,http://www.compensation.gov.lk/images/2019/application_form_for_kks_ta.pdf,
phone,pass,Published phone: 0000000275 ,http://www.compensation.gov.lk/images/2019/application_form_for_kks_ta.pdf,
phone,pass,Published phone: 0000000565 ,http://www.compensation.gov.lk/images/2019/application_form_for_kks_ta.pdf,
phone,pass,Published phone: 0000000342 ,http://www.compensation.gov.lk/images/2019/application_form_for_kks_ta.pdf,
phone,pass,Published phone: 0000000368 ,http://www.compensation.gov.lk/images/2019/application_form_for_kks_ta.pdf,
phone,pass,Published phone: 0000000243 ,http://www.compensation.gov.lk/images/2019/application_form_for_kks_ta.pdf,
phone,pass,Published phone: 0000000077 ,http://www.compensation.gov.lk/images/2019/application_form_for_kks_ta.pdf,
phone,pass,Published phone: 0000000217 ,http://www.compensation.gov.lk/images/2019/application_form_for_kks_ta.pdf,
phone,pass,Published phone: 0000000392 ,http://www.compensation.gov.lk/images/2019/application_form_for_kks_ta.pdf,
phone,pass,Published phone: 0000000319 ,http://www.compensation.gov.lk/images/2019/application_form_for_kks_ta.pdf,
phone,pass,Published phone: 0000000411 ,http://www.compensation.gov.lk/images/2019/application_form_for_kks_ta.pdf,
phone,pass,Published phone: 0000000406 ,http://www.compensation.gov.lk/images/2019/application_form_for_kks_ta.pdf,
phone,pass,Published phone: 0000000547 ,http://www.compensation.gov.lk/images/2019/application_form_for_kks_ta.pdf,
phone,pass,Published phone: 0 210 0 0 0 0 0 0 ,http://www.compensation.gov.lk/images/2019/application_form_for_kks_ta.pdf,
phone,pass,Published phone: 0000000161 ,http://www.compensation.gov.lk/images/2019/application_form_for_kks_ta.pdf,
phone,pass,Published phone: 0000018398 ,http://www.compensation.gov.lk/images/2019/application_form_for_kks_ta.pdf,
phone,pass,Published phone: 0000000358 ,http://www.compensation.gov.lk/images/2019/application_form_for_kks_ta.pdf,
phone,pass,Published phone: 0000000356 ,http://www.compensation.gov.lk/images/2019/application_form_for_kks_ta.pdf,
phone,pass,Published phone: 0000000526 ,http://www.compensation.gov.lk/images/2019/application_form_for_kks_ta.pdf,
phone,pass,Published phone: 0000000503 ,http://www.compensation.gov.lk/images/2019/application_form_for_kks_ta.pdf,
phone,pass,Published phone: 0000527675 ,http://www.compensation.gov.lk/images/2019/application_form_for_kks_ta.pdf,
phone,pass,Published phone: 0000000119 ,http://www.compensation.gov.lk/images/2019/application_form_for_kks_ta.pdf,
phone,pass,Published phone: 0000000471 ,http://www.compensation.gov.lk/images/2019/application_form_for_kks_ta.pdf,
phone,pass,Published phone: 0000000570 ,http://www.compensation.gov.lk/images/2019/application_form_for_kks_ta.pdf,
phone,pass,Published phone: 0000000197 ,http://www.compensation.gov.lk/images/2019/application_form_for_kks_ta.pdf,
phone,pass,Published phone: 0000000461 ,http://www.compensation.gov.lk/images/2019/application_form_for_kks_ta.pdf,
phone,pass,Published phone: 0000000556 ,http://www.compensation.gov.lk/images/2019/application_form_for_kks_ta.pdf,
phone,pass,Published phone: 0000000341 ,http://www.compensation.gov.lk/images/2019/application_form_for_kks_ta.pdf,
phone,pass,Published phone: 0000000509 ,http://www.compensation.gov.lk/images/2019/application_form_for_kks_ta.pdf,
phone,pass,Published phone: 0000000137 ,http://www.compensation.gov.lk/images/2019/application_form_for_kks_ta.pdf,
phone,pass,Published phone: 0000000099 ,http://www.compensation.gov.lk/images/2019/application_form_for_kks_ta.pdf,
phone,pass,Published phone: 0000000019 ,http://www.compensation.gov.lk/images/2019/notice_for_kks_si.pdf,
phone,pass,Published phone: 0 34 0000000,http://www.compensation.gov.lk/images/2019/notice_for_kks_si.pdf,
phone,pass,Published phone: 0000046517 ,http://www.compensation.gov.lk/images/2019/notice_for_kks_si.pdf,
phone,pass,Published phone: 0000030074 ,http://www.compensation.gov.lk/images/2019/notice_for_kks_si.pdf,
phone,pass,Published phone: 0000035171 ,http://www.compensation.gov.lk/images/2019/notice_for_kks_si.pdf,
phone,pass,Published phone: 0000034461 ,http://www.compensation.gov.lk/images/2019/notice_for_kks_si.pdf,
phone,pass,Published phone: 0000030592 ,http://www.compensation.gov.lk/images/2019/notice_for_kks_si.pdf,
phone,pass,Published phone: 0000035007 ,http://www.compensation.gov.lk/images/2019/notice_for_kks_si.pdf,
phone,pass,Published phone: 0000047009 ,http://www.compensation.gov.lk/images/2019/notice_for_kks_si.pdf,
phone,pass,Published phone: 0000009475 ,http://www.compensation.gov.lk/images/2019/notice_for_kks_si.pdf,
phone,pass,Published phone: 0000002474 ,http://www.compensation.gov.lk/images/2019/notice_for_kks_si.pdf,
phone,pass,Published phone: 0000029152 ,http://www.compensation.gov.lk/images/2019/notice_for_kks_si.pdf,
phone,pass,Published phone: 0000036630 ,http://www.compensation.gov.lk/images/2019/notice_for_kks_si.pdf,
phone,pass,Published phone: 0000045656 ,http://www.compensation.gov.lk/images/2019/notice_for_kks_si.pdf,
phone,pass,Published phone: 0000046813 ,http://www.compensation.gov.lk/images/2019/notice_for_kks_si.pdf,
phone,pass,Published phone: 0000009312 ,http://www.compensation.gov.lk/images/2019/notice_for_kks_si.pdf,
phone,pass,Published phone: 0000034674 ,http://www.compensation.gov.lk/images/2019/notice_for_kks_si.pdf,
phone,pass,Published phone: 0000034483 ,http://www.compensation.gov.lk/images/2019/notice_for_kks_si.pdf,
phone,pass,Published phone: 0000046912 ,http://www.compensation.gov.lk/images/2019/notice_for_kks_si.pdf,
phone,pass,Published phone: 0000046644 ,http://www.compensation.gov.lk/images/2019/notice_for_kks_si.pdf,
phone,pass,Published phone: 0000046267 ,http://www.compensation.gov.lk/images/2019/notice_for_kks_si.pdf,
phone,pass,Published phone: 0000009020 ,http://www.compensation.gov.lk/images/2019/notice_for_kks_si.pdf,
phone,pass,Published phone: 0000002453 ,http://www.compensation.gov.lk/images/2019/notice_for_kks_si.pdf,
phone,pass,Published phone: 0000036823 ,http://www.compensation.gov.lk/images/2019/notice_for_kks_si.pdf,
phone,pass,Published phone: 0000029362 ,http://www.compensation.gov.lk/images/2019/notice_for_kks_si.pdf,
phone,pass,Published phone: 0000037114 ,http://www.compensation.gov.lk/images/2019/notice_for_kks_si.pdf,
phone,pass,Published phone: 0000008822 ,http://www.compensation.gov.lk/images/2019/notice_for_kks_si.pdf,
phone,pass,Published phone: 0000045678 ,http://www.compensation.gov.lk/images/2019/notice_for_kks_si.pdf,
phone,pass,Published phone: 0000045873 ,http://www.compensation.gov.lk/images/2019/notice_for_kks_si.pdf,
phone,pass,Published phone: 0000008801 ,http://www.compensation.gov.lk/images/2019/notice_for_kks_si.pdf,
phone,pass,Published phone: 0000037276 ,http://www.compensation.gov.lk/images/2019/notice_for_kks_si.pdf,
phone,pass,Published phone: 0000046589 ,http://www.compensation.gov.lk/images/2019/notice_for_kks_si.pdf,
phone,pass,Published phone: 0000029175 ,http://www.compensation.gov.lk/images/2019/notice_for_kks_si.pdf,
phone,pass,Published phone: 0000036608 ,http://www.compensation.gov.lk/images/2019/notice_for_kks_si.pdf,
phone,pass,Published phone: 0190807163,http://www.compensation.gov.lk/images/2019/notice_for_kks_si.pdf,
page_text,pass,Substantive page content: 258526 visible characters across 14 pages,https://www.compensation.gov.lk/,
